transition_proba,skip,n_functions,n_cores,run,total_work,max_endtime,latency,hit_ratio
0.5,1,3,1,0,6545,998740,137203.9999999998,98.835
0.5,1,3,1,1,6533,999460,124846.40000000065,98.8
0.5,1,3,1,2,6581,999280,99133.99999999997,99.375
0.5,1,3,1,3,6518,998830,72571.5,98.73
0.5,1,3,1,4,6551,998650,142080.0,98.62
0.5,1,3,1,5,6515,998740,80305.39999999938,98.64
0.5,1,3,1,6,6512,999010,141174.00000000052,98.175
0.5,1,3,1,7,6556,999370,118293.99999999987,98.895
0.5,1,3,1,8,6574,998200,85351.29999999897,99.12
0.5,1,3,1,9,6614,999550,113291.99999999983,99.405
0.5,1,3,1,10,6548,997570,65620.89999999986,98.86
0.5,1,3,1,11,6528,999190,68442.79999999984,98.445
0.5,1,3,1,12,6572,999280,119175.4,99.04
0.5,1,3,1,13,6581,999280,92989.99999999988,99.51
0.5,1,3,1,14,6533,999370,119364.80000000018,98.945
0.5,1,3,1,15,6578,999820,88400.0,99.12
0.5,1,3,1,16,6540,998470,81868.09999999993,99.16
0.5,1,3,1,17,6532,998920,82518.99999999956,99.49
0.5,1,3,1,18,6584,999010,114811.00000000003,99.56
0.5,1,3,1,19,6583,999190,147016.0000000002,99.44
0.5,1,3,1,20,6549,999370,81725.99999999939,98.74
0.5,1,3,1,21,6594,998920,157617.9999999996,99.67
0.5,1,3,1,22,6436,998380,67208.99999999926,97.455
0.5,1,3,1,23,6530,998650,57000.00000000004,99.305
0.5,1,3,1,24,6594,999190,130721.4,99.285
0.5,1,3,1,25,6588,998920,105456.00000000013,99.415
0.5,1,3,1,26,6497,999550,63881.59999999999,98.675
0.5,1,3,1,27,6599,999460,78633.99999999968,99.555
0.5,1,3,1,28,6621,999280,109960.00000000052,99.53
0.5,1,3,1,29,6583,998920,104608.00000000032,99.17
0.5,1,3,1,30,6571,999550,159083.00000000023,98.95
0.5,1,3,1,31,6594,999730,116291.69999999991,99.335
0.5,1,3,1,32,6575,999820,72560.40000000055,99.51
0.5,1,3,1,33,6581,998470,74519.99999999983,99.76
0.5,1,3,1,34,6604,999460,293688.0000000001,99.36
0.5,1,3,1,35,6594,998650,254368.39999999967,99.355
0.5,1,3,1,36,6563,998830,136762.20000000013,99.47
0.5,1,3,1,37,6539,999280,62311.999999999876,98.83
0.5,1,3,1,38,6596,999640,141570.00000000055,99.85
0.5,1,3,1,39,6577,999100,87391.59999999992,99.345
0.5,1,3,1,40,6529,999910,121258.00000000009,99.495
0.5,1,3,1,41,6493,999550,59285.19999999995,98.66
0.5,1,3,1,42,6520,999550,57484.89999999985,98.475
0.5,1,3,1,43,6579,999280,115172.00000000015,99.66
0.5,1,3,1,44,6570,999550,58027.89999999995,99.355
0.5,1,3,1,45,6533,999280,102554.40000000002,98.61
0.5,1,3,1,46,6570,999100,110855.9999999997,99.205
0.5,1,3,1,47,6596,998110,115400.00000000017,99.5
0.5,1,3,1,48,6541,998920,81248.0000000002,98.55
0.5,1,3,1,49,6564,998110,124414.99999999994,99.37
0.5,1,3,4,0,6544,998830,85073.49999999926,99.02
0.5,1,3,4,1,6548,998740,86056.39999999927,98.73
0.5,1,3,4,2,6555,998290,102812.60000000005,98.955
0.5,1,3,4,3,6509,999640,84088.00000000003,98.55
0.5,1,3,4,4,6514,999100,85251.99999999994,98.22
0.5,1,3,4,5,6564,998560,89272.69999999992,99.15
0.5,1,3,4,6,6572,999100,87893.99999999997,99.1
0.5,1,3,4,7,6561,999190,85229.9999999999,99.82
0.5,1,3,4,8,6582,999190,162355.69999999998,99.185
0.5,1,3,4,9,6577,999100,164839.99999999977,99.575
0.5,1,3,4,10,6549,999280,76391.99999999959,99.105
0.5,1,3,4,11,6589,999100,115843.99999999975,99.43
0.5,1,3,4,12,6594,999820,104632.19999999987,99.55
0.5,1,3,4,13,6573,999370,153651.99999999965,99.115
0.5,1,3,4,14,6544,999460,83449.99999999971,98.77
0.5,1,3,4,15,6511,997840,67482.99999999994,98.605
0.5,1,3,4,16,6551,999730,96735.0,99.025
0.5,1,3,4,17,6562,999280,88837.9000000002,99.25
0.5,1,3,4,18,6496,999460,76395.00000000071,98.02
0.5,1,3,4,19,6602,999280,138770.99999999828,99.56
0.5,1,3,4,20,6600,998740,150414.7000000001,99.315
0.5,1,3,4,21,6508,998920,83508.00000000017,98.53
0.5,1,3,4,22,6549,998740,74649.59999999966,99.21
0.5,1,3,4,23,6582,999550,118692.99999999972,99.245
0.5,1,3,4,24,6583,999280,106623.20000000269,99.075
0.5,1,3,4,25,6478,999370,39738.399999999965,98.125
0.5,1,3,4,26,6590,999550,151897.69999999998,99.505
0.5,1,3,4,27,6574,999370,157966.999999999,99.115
0.5,1,3,4,28,6579,998650,71568.60000000017,99.785
0.5,1,3,4,29,6556,999100,90959.49999999994,98.76
0.5,1,3,4,30,6557,999280,70093.99999999977,98.79
0.5,1,3,4,31,6568,999370,62795.79999999999,99.575
0.5,1,3,4,32,6556,999370,159869.99999999965,98.84
0.5,1,3,4,33,6589,999100,101385.19999999998,99.285
0.5,1,3,4,34,6599,998830,151274.1999999992,99.295
0.5,1,3,4,35,6579,998110,198102.00000000017,99.355
0.5,1,3,4,36,6565,999550,105265.59999999977,98.895
0.5,1,3,4,37,6602,998650,145370.0,99.665
0.5,1,3,4,38,6570,999280,77274.69999999777,99.31
0.5,1,3,4,39,6538,998020,79901.50000000023,98.44
0.5,1,3,4,40,6544,998740,105964.19999999998,99.13
0.5,1,3,4,41,6563,999370,55106.600000000006,98.94
0.5,1,3,4,42,6600,999640,105129.00000000064,99.35
0.5,1,3,4,43,6591,999640,119300.00000000121,99.425
0.5,1,3,4,44,6585,998830,91561.99999999974,99.32
0.5,1,3,4,45,6510,999550,49208.99999999987,98.7
0.5,1,3,4,46,6527,998740,83779.9999999999,98.81
0.5,1,3,4,47,6589,999100,93247.19999999994,99.375
0.5,1,3,4,48,6515,999190,79918.99999999978,98.375
0.5,1,3,4,49,6535,998470,79781.9999999999,98.87
0.5,1,3,16,0,6573,999190,83051.59999999995,99.365
0.5,1,3,16,1,6560,999280,85143.39999999989,99.65
0.5,1,3,16,2,6584,999370,93866.80000000002,99.55
0.5,1,3,16,3,6550,999280,77426.70000000004,99.07
0.5,1,3,16,4,6519,999280,107245.99999999962,98.71
0.5,1,3,16,5,6582,997840,127785.99999999985,99.225
0.5,1,3,16,6,6580,999100,129509.60000000033,99.385
0.5,1,3,16,7,6567,998830,111965.80000000028,99.205
0.5,1,3,16,8,6588,999370,151142.00000000006,99.395
0.5,1,3,16,9,6494,999460,51741.19999999995,98.81
0.5,1,3,16,10,6562,998200,57278.90000000017,99.5
0.5,1,3,16,11,6561,999370,101469.99999999949,98.945
0.5,1,3,16,12,6506,999190,75129.99999999993,98.885
0.5,1,3,16,13,6541,998920,75222.00000000006,99.285
0.5,1,3,16,14,6579,999010,193658.00000000288,99.11
0.5,1,3,16,15,6558,999460,110082.80000000203,99.165
0.5,1,3,16,16,6592,998650,182395.40000000075,99.275
0.5,1,3,16,17,6592,998920,99785.50000000015,99.605
0.5,1,3,16,18,6587,999550,132070.00000000064,99.2
0.5,1,3,16,19,6611,999460,161249.9999999992,99.38
0.5,1,3,16,20,6587,999100,119714.00000000036,99.32
0.5,1,3,16,21,6567,999640,77920.00000000022,99.46
0.5,1,3,16,22,6473,998920,85480.79999999952,97.655
0.5,1,3,16,23,6572,998200,102710.0,98.895
0.5,1,3,16,24,6588,999460,64801.00000000008,99.58
0.5,1,3,16,25,6498,998920,129421.9999999999,98.185
0.5,1,3,16,26,6554,998740,125844.20000000022,98.84
0.5,1,3,16,27,6575,999100,451398.0000000023,99.135
0.5,1,3,16,28,6590,999460,191525.9999999998,99.91
0.5,1,3,16,29,6579,998650,153970.00000000204,99.39
0.5,1,3,16,30,6583,998920,97840.00000000102,99.425
0.5,1,3,16,31,6533,999100,89406.80000000102,98.72
0.5,1,3,16,32,6508,998200,96642.00000000012,99.175
0.5,1,3,16,33,6578,999100,151074.29999999894,99.385
0.5,1,3,16,34,6562,999640,167374.3000000001,99.11
0.5,1,3,16,35,6573,998740,73278.39999999994,99.55
0.5,1,3,16,36,6575,999370,125741.60000000025,99.81
0.5,1,3,16,37,6570,999370,95297.99999999959,99.855
0.5,1,3,16,38,6576,998920,84945.0,99.525
0.5,1,3,16,39,6521,999280,68834.00000000007,98.855
0.5,1,3,16,40,6479,998200,119540.00000000012,97.81
0.5,1,3,16,41,6551,998380,66770.0,99.205
0.5,1,3,16,42,6568,999010,125209.99999999993,99.505
0.5,1,3,16,43,6561,999190,80579.99999999971,99.24
0.5,1,3,16,44,6610,999370,346710.9999999998,99.46
0.5,1,3,16,45,6570,999460,122374.09999999995,99.22
0.5,1,3,16,46,6568,998470,76834.69999999995,99.665
0.5,1,3,16,47,6591,999100,148099.00000000207,99.27
0.5,1,3,16,48,6541,998650,79510.00000000019,99.56
0.5,1,3,16,49,6596,999190,203870.5,99.42
0.5,1,3,32,0,6583,998290,73799.40000000053,99.325
0.5,1,3,32,1,6618,999100,172117.09999999983,99.445
0.5,1,3,32,2,6519,999460,97799.79999999989,98.355
0.5,1,3,32,3,6569,999280,83337.99999999988,99.615
0.5,1,3,32,4,6590,999010,135901.79999999987,99.225
0.5,1,3,32,5,6554,998920,65077.30000000015,99.385
0.5,1,3,32,6,6531,999550,283529.9999999999,98.415
0.5,1,3,32,7,6532,998920,91330.49999999942,98.41
0.5,1,3,32,8,6510,999010,83067.99999999988,98.335
0.5,1,3,32,9,6535,999370,76869.99999999985,98.775
0.5,1,3,32,10,6492,999640,51053.500000001186,98.37
0.5,1,3,32,11,6552,998560,67803.59999999964,99.435
0.5,1,3,32,12,6610,998380,200663.99999999994,99.605
0.5,1,3,32,13,6554,999190,86661.70000000003,99.4
0.5,1,3,32,14,6549,999010,72493.99999999967,99.02
0.5,1,3,32,15,6608,998560,151000.90000000002,99.355
0.5,1,3,32,16,6525,998470,77350.00000000022,98.685
0.5,1,3,32,17,6537,999460,57006.4,99.735
0.5,1,3,32,18,6574,999010,112670.39999999928,99.26
0.5,1,3,32,19,6589,998830,96101.99999999977,99.47
0.5,1,3,32,20,6539,999370,133563.99999999994,99.01
0.5,1,3,32,21,6402,999280,51369.69999999999,97.1
0.5,1,3,32,22,6529,999640,50721.600000000195,99.08
0.5,1,3,32,23,6564,999100,176945.9,99.705
0.5,1,3,32,24,6582,999190,162317.5999999984,99.4
0.5,1,3,32,25,6523,998830,71077.19999999994,98.67
0.5,1,3,32,26,6519,999370,48976.59999999996,98.95
0.5,1,3,32,27,6575,999550,79358.00000000029,99.24
0.5,1,3,32,28,6597,999010,129997.19999999995,99.335
0.5,1,3,32,29,6505,998380,109882.00000000003,98.485
0.5,1,3,32,30,6570,999460,100322.09999999954,99.025
0.5,1,3,32,31,6587,999370,107670.00000000032,99.765
0.5,1,3,32,32,6560,999280,82684.59999999999,98.77
0.5,1,3,32,33,6506,999370,72037.99999999952,98.715
0.5,1,3,32,34,6544,999460,85688.59999999971,98.895
0.5,1,3,32,35,6507,998650,67953.19999999949,98.54
0.5,1,3,32,36,6561,999100,149619.99999999962,98.755
0.5,1,3,32,37,6603,999010,92102.39999999985,99.595
0.5,1,3,32,38,6599,999730,164719.9999999981,99.515
0.5,1,3,32,39,6476,999010,56782.5,98.535
0.5,1,3,32,40,6578,999100,147910.99999999837,99.42
0.5,1,3,32,41,6558,999190,82623.80000000019,98.88
0.5,1,3,32,42,6505,998470,83812.00000000004,98.45
0.5,1,3,32,43,6543,997750,87685.19999999987,98.695
0.5,1,3,32,44,6564,999460,136866.99999999977,99.17
0.5,1,3,32,45,6587,999550,142012.80000000165,99.395
0.5,1,3,32,46,6561,998650,96593.99999999978,99.085
0.5,1,3,32,47,6605,999550,134642.00000000003,99.765
0.5,1,3,32,48,6572,999550,94201.99999999997,99.415
0.5,1,3,32,49,6526,999190,79587.5,98.635
0.5,10,3,1,0,6545,999280,56466.79999999986,99.03
0.5,10,3,1,1,6544,999460,112833.99999999936,98.815
0.5,10,3,1,2,6490,999190,72888.79999999997,98.83
0.5,10,3,1,3,6572,998740,115425.99999999983,99.265
0.5,10,3,1,4,6572,999460,75878.7,99.39
0.5,10,3,1,5,6514,999370,63245.49999999993,98.99
0.5,10,3,1,6,6558,999280,106400.0,99.22
0.5,10,3,1,7,6552,998290,52746.79999999993,99.155
0.5,10,3,1,8,6543,999100,119833.99999999994,99.265
0.5,10,3,1,9,6604,999640,258134.00000000055,99.585
0.5,10,3,1,10,6508,999190,49011.000000000204,98.565
0.5,10,3,1,11,6577,999010,102397.99999999952,98.9
0.5,10,3,1,12,6542,998290,91201.60000000003,99.53
0.5,10,3,1,13,6520,999730,57516.999999999636,98.54
0.5,10,3,1,14,6592,998740,138058.10000000015,99.33
0.5,10,3,1,15,6588,999280,225972.00000000017,99.42
0.5,10,3,1,16,6591,998830,135950.00000000015,99.62
0.5,10,3,1,17,6575,999730,93255.80000000444,99.175
0.5,10,3,1,18,6562,998830,79418.50000000006,99.42
0.5,10,3,1,19,6596,999370,125197.00000000015,99.75
0.5,10,3,1,20,6538,999370,68466.00000000001,99.01
0.5,10,3,1,21,6600,999190,122455.80000000012,99.48
0.5,10,3,1,22,6588,999820,99922.10000000002,99.695
0.5,10,3,1,23,6542,999460,62012.00000000012,99.37
0.5,10,3,1,24,6575,999010,118795.80000000008,99.4
0.5,10,3,1,25,6590,999370,88600.69999999955,99.375
0.5,10,3,1,26,6445,999100,87869.99999999923,97.37
0.5,10,3,1,27,6585,999370,142289.19999999992,99.12
0.5,10,3,1,28,6539,999190,77788.99999999994,98.475
0.5,10,3,1,29,6570,999280,74874.09999999995,99.45
0.5,10,3,1,30,6625,999370,216912.00000000015,99.655
0.5,10,3,1,31,6501,999100,43210.0,98.2
0.5,10,3,1,32,6520,999370,72320.89999999954,98.43
0.5,10,3,1,33,6534,998740,61537.90000000002,99.345
0.5,10,3,1,34,6531,998560,78348.99999999985,98.6
0.5,10,3,1,35,6543,999190,62563.999999999985,99.1
0.5,10,3,1,36,6573,999370,95259.1999999997,98.855
0.5,10,3,1,37,6622,999460,126370.19999999988,99.71
0.5,10,3,1,38,6572,999190,79133.79999999992,99.555
0.5,10,3,1,39,6528,998200,86174.99999999935,98.715
0.5,10,3,1,40,6579,999190,69132.2000000005,99.2
0.5,10,3,1,41,6582,999550,98792.19999999985,99.48
0.5,10,3,1,42,6612,999820,151258.0000000004,99.65
0.5,10,3,1,43,6552,999280,70446.19999999992,98.955
0.5,10,3,1,44,6554,999370,140621.70000000004,99.04
0.5,10,3,1,45,6542,998740,62594.900000000016,98.72
0.5,10,3,1,46,6507,998740,41515.599999999904,98.545
0.5,10,3,1,47,6565,998560,129618.7999999999,99.34
0.5,10,3,1,48,6570,999010,84169.49999999977,98.99
0.5,10,3,1,49,6502,999100,93080.7999999998,98.11
0.5,10,3,4,0,6561,999280,142279.99999999956,99.47
0.5,10,3,4,1,6527,999010,71509.99999999988,98.77
0.5,10,3,4,2,6555,999280,69490.6,98.87
0.5,10,3,4,3,6607,999910,389473.99999999936,99.3
0.5,10,3,4,4,6573,999370,116782.79999999976,99.75
0.5,10,3,4,5,6547,999010,99091.99999999997,98.935
0.5,10,3,4,6,6590,999370,88397.99999999974,99.475
0.5,10,3,4,7,6597,999280,122724.39999999998,99.815
0.5,10,3,4,8,6602,998380,135614.99999999948,99.415
0.5,10,3,4,9,6598,999820,115041.99999999964,99.225
0.5,10,3,4,10,6528,997840,62000.29999999995,99.065
0.5,10,3,4,11,6492,998380,46932.90000000012,98.095
0.5,10,3,4,12,6577,998740,91321.59999999928,99.11
0.5,10,3,4,13,6554,999640,63829.00000000018,99.16
0.5,10,3,4,14,6558,999370,66803.60000000015,99.23
0.5,10,3,4,15,6566,999280,89536.50000000006,99.44
0.5,10,3,4,16,6556,997930,86778.0,99.46
0.5,10,3,4,17,6581,999190,91249.9999999998,99.265
0.5,10,3,4,18,6596,999730,126060.00000000022,99.57
0.5,10,3,4,19,6571,999100,154510.00000000055,99.42
0.5,10,3,4,20,6580,999370,120467.00000000016,99.24
0.5,10,3,4,21,6537,998830,100600.80000000008,98.705
0.5,10,3,4,22,6514,999280,68701.19999999992,98.38
0.5,10,3,4,23,6528,998020,206942.1999999707,98.455
0.5,10,3,4,24,6602,999190,166346.09999999928,99.45
0.5,10,3,4,25,6591,999640,131510.00000000015,99.705
0.5,10,3,4,26,6483,999190,79028.00000000061,97.885
0.5,10,3,4,27,6498,999730,64490.799999999654,98.17
0.5,10,3,4,28,6531,999730,58105.99999999891,99.055
0.5,10,3,4,29,6501,998560,47240.0,98.175
0.5,10,3,4,30,6527,998830,82592.59999999977,98.825
0.5,10,3,4,31,6610,998380,201693.89999999982,99.48
0.5,10,3,4,32,6481,998920,104841.9999999995,97.975
0.5,10,3,4,33,6542,998740,83096.00000000006,98.52
0.5,10,3,4,34,6550,997930,96290.3000000001,98.995
0.5,10,3,4,35,6564,999100,82592.89999999988,99.155
0.5,10,3,4,36,6598,998920,105518.99999999865,99.7
0.5,10,3,4,37,6559,999460,80784.00000000009,99.26
0.5,10,3,4,38,6514,998740,129332.9999999999,98.435
0.5,10,3,4,39,6611,999730,156175.9999999988,99.665
0.5,10,3,4,40,6532,998920,99270.99999999924,98.83
0.5,10,3,4,41,6542,999370,59924.00000000009,98.84
0.5,10,3,4,42,6539,999100,116145.99999999965,98.75
0.5,10,3,4,43,6500,999100,57800.500000000015,98.44
0.5,10,3,4,44,6561,999640,82661.9999999996,98.945
0.5,10,3,4,45,6567,998110,127480.80000000287,98.785
0.5,10,3,4,46,6557,998830,103893.99999999936,99.68
0.5,10,3,4,47,6591,998830,273650.0000000002,99.32
0.5,10,3,4,48,6592,999460,127663.90000000055,99.275
0.5,10,3,4,49,6548,998650,100319.09999999989,99.105
0.5,10,3,16,0,6600,999280,180333.60000000006,99.35
0.5,10,3,16,1,6568,999370,101380.99999999996,99.355
0.5,10,3,16,2,6495,999190,61220.59999999974,98.23
0.5,10,3,16,3,6542,999190,66883.90000000017,98.895
0.5,10,3,16,4,6589,999370,212497.59999999916,99.26
0.5,10,3,16,5,6539,998740,76310.39999999997,98.92
0.5,10,3,16,6,6513,998920,46484.80000000002,99.27
0.5,10,3,16,7,6545,998920,98935.59999999873,98.67
0.5,10,3,16,8,6578,999010,157391.99999999764,99.275
0.5,10,3,16,9,6525,999640,68584.0000000003,98.88
0.5,10,3,16,10,6576,999640,118435.0,99.125
0.5,10,3,16,11,6571,998740,111868.00000000003,99.29
0.5,10,3,16,12,6546,999550,67940.00000000012,98.79
0.5,10,3,16,13,6573,999550,105601.9999999995,99.365
0.5,10,3,16,14,6548,999460,90070.09999999995,99.005
0.5,10,3,16,15,6573,999460,142447.9999999968,99.05
0.5,10,3,16,16,6568,999190,222121.99999999994,99.15
0.5,10,3,16,17,6534,999640,80344.10000000002,98.445
0.5,10,3,16,18,6563,999010,138394.00000000015,98.97
0.5,10,3,16,19,6551,998830,72650.0,98.8
0.5,10,3,16,20,6485,999010,50581.59999999996,97.87
0.5,10,3,16,21,6578,999550,67970.0,99.865
0.5,10,3,16,22,6556,999190,111386.99999999967,99.2
0.5,10,3,16,23,6523,999460,65022.599999999955,98.5
0.5,10,3,16,24,6589,998470,138563.99999999988,99.18
0.5,10,3,16,25,6537,999190,112637.20000000214,99.24
0.5,10,3,16,26,6509,999190,69509.60000000006,98.715
0.5,10,3,16,27,6554,998740,70424.1,99.04
0.5,10,3,16,28,6608,999460,156820.20000000007,99.895
0.5,10,3,16,29,6517,998290,67256.40000000017,98.935
0.5,10,3,16,30,6534,998200,66846.70000000007,98.76
0.5,10,3,16,31,6613,999280,178590.0000000031,99.65
0.5,10,3,16,32,6568,998920,71977.99999999988,99.085
0.5,10,3,16,33,6516,998560,49602.000000000044,98.555
0.5,10,3,16,34,6606,999460,83622.99999999993,99.3
0.5,10,3,16,35,6527,999280,53315.39999999995,99.305
0.5,10,3,16,36,6572,999280,134134.69999999998,99.295
0.5,10,3,16,37,6574,998110,82179.49999999959,99.405
0.5,10,3,16,38,6563,999460,84530.80000000002,99.825
0.5,10,3,16,39,6568,999550,90815.99999999933,99.36
0.5,10,3,16,40,6517,998560,59936.8,98.27
0.5,10,3,16,41,6548,999280,100762.99999999972,98.87
0.5,10,3,16,42,6578,999100,84055.99999999948,99.5
0.5,10,3,16,43,6551,999370,108285.0,99.225
0.5,10,3,16,44,6586,998830,91038.99999999846,99.37
0.5,10,3,16,45,6536,999460,89149.99999999971,98.535
0.5,10,3,16,46,6519,999190,76446.4,99.235
0.5,10,3,16,47,6568,999100,67650.99999999994,99.33
0.5,10,3,16,48,6510,999370,60982.79999999999,98.385
0.5,10,3,16,49,6564,999550,169607.99999999965,99.22
0.5,10,3,32,0,6577,999370,97888.39999999997,99.225
0.5,10,3,32,1,6515,999190,59055.999999999476,98.97
0.5,10,3,32,2,6573,999190,80948.79999999962,99.41
0.5,10,3,32,3,6509,998740,85696.00000000009,98.16
0.5,10,3,32,4,6592,997750,82476.0000000002,99.125
0.5,10,3,32,5,6582,999010,176600.99999999962,99.025
0.5,10,3,32,6,6503,998470,65088.39999999975,98.415
0.5,10,3,32,7,6583,999550,190132.0000000003,99.46
0.5,10,3,32,8,6491,998920,48238.000000000065,97.985
0.5,10,3,32,9,6524,999280,59865.49999999993,98.55
0.5,10,3,32,10,6543,998920,228907.79999999952,99.23
0.5,10,3,32,11,6572,999280,99739.3,99.39
0.5,10,3,32,12,6549,999370,244215.99999999843,99.075
0.5,10,3,32,13,6564,998470,78060.0,98.99
0.5,10,3,32,14,6560,998830,74486.4,98.895
0.5,10,3,32,15,6530,999190,65754.00000000006,99.25
0.5,10,3,32,16,6528,999370,99181.09999999998,99.04
0.5,10,3,32,17,6554,999100,176151.00000000081,98.67
0.5,10,3,32,18,6517,999100,61982.40000000005,98.565
0.5,10,3,32,19,6571,999190,75869.00000000041,99.065
0.5,10,3,32,20,6592,999190,90454.00000000009,99.47
0.5,10,3,32,21,6549,998560,63752.39999999983,98.785
0.5,10,3,32,22,6578,998830,98507.59999999907,99.125
0.5,10,3,32,23,6548,998380,66318.29999999973,99.25
0.5,10,3,32,24,6526,999370,64467.5,98.55
0.5,10,3,32,25,6536,998650,74933.99999999914,99.52
0.5,10,3,32,26,6586,999280,111289.99999999956,99.815
0.5,10,3,32,27,6551,998920,85855.0,99.325
0.5,10,3,32,28,6561,999550,164929.9999999979,98.94
0.5,10,3,32,29,6543,998560,78187.19999999975,99.065
0.5,10,3,32,30,6576,999190,88082.5,99.665
0.5,10,3,32,31,6481,999010,52851.999999999985,98.205
0.5,10,3,32,32,6568,999100,86052.09999999998,99.345
0.5,10,3,32,33,6576,999820,137250.0,99.135
0.5,10,3,32,34,6535,999640,47940.59999999994,99.715
0.5,10,3,32,35,6600,999370,106028.30000000061,99.915
0.5,10,3,32,36,6600,998380,128347.80000000105,99.43
0.5,10,3,32,37,6577,998650,113732.39999999979,99.175
0.5,10,3,32,38,6531,999550,67470.9999999999,98.555
0.5,10,3,32,39,6583,997480,69079.40000000082,99.475
0.5,10,3,32,40,6587,999280,137487.60000000175,99.38
0.5,10,3,32,41,6557,998830,86089.9999999998,99.195
0.5,10,3,32,42,6512,998830,52852.50000000008,99.23
0.5,10,3,32,43,6522,999550,84006.6999999999,98.66
0.5,10,3,32,44,6490,999280,78021.69999999984,97.93
0.5,10,3,32,45,6562,999640,63735.00000000017,99.635
0.5,10,3,32,46,6495,999550,68775.9999999997,98.465
0.5,10,3,32,47,6549,999010,83211.99999999994,99.21
0.5,10,3,32,48,6591,998290,137770.00000000026,99.515
0.5,10,3,32,49,6534,998920,81553.40000000007,98.81
0.5,100,3,1,0,6563,999640,67749.80000000008,99.3
0.5,100,3,1,1,6576,999190,139587.5,99.09
0.5,100,3,1,2,6544,999190,68435.29999999992,98.99
0.5,100,3,1,3,6448,998740,48800.69999999995,97.42
0.5,100,3,1,4,6613,999280,161353.6000000006,99.73
0.5,100,3,1,5,6602,999280,188699.0,99.84
0.5,100,3,1,6,6580,999460,138505.00000000006,99.49
0.5,100,3,1,7,6569,999010,93019.99999999985,99.56
0.5,100,3,1,8,6561,999730,110275.99999999897,99.05
0.5,100,3,1,9,6597,998380,118334.39999999997,99.325
0.5,100,3,1,10,6603,999370,186329.9999999976,99.61
0.5,100,3,1,11,6543,998380,61519.79999999998,99.17
0.5,100,3,1,12,6518,999550,49700.09999999996,98.965
0.5,100,3,1,13,6518,999100,80439.99999999978,99.185
0.5,100,3,1,14,6594,998470,131845.8999999999,99.355
0.5,100,3,1,15,6558,998380,119116.10000000008,99.54
0.5,100,3,1,16,6555,998290,66928.60000000017,99.465
0.5,100,3,1,17,6533,999010,60526.80000000015,98.85
0.5,100,3,1,18,6519,997930,93138.39999999997,98.465
0.5,100,3,1,19,6540,999550,126595.9999999998,99.285
0.5,100,3,1,20,6591,998830,137510.000000001,99.39
0.5,100,3,1,21,6592,999280,115560.10000000057,99.465
0.5,100,3,1,22,6573,999100,82865.19999999998,99.43
0.5,100,3,1,23,6550,998830,151754.00000000073,98.965
0.5,100,3,1,24,6575,998920,134710.00000000064,99.405
0.5,100,3,1,25,6603,999100,96782.19999999896,99.49
0.5,100,3,1,26,6562,999730,110692.50000000025,99.46
0.5,100,3,1,27,6583,998560,120890.6000000002,99.38
0.5,100,3,1,28,6576,998830,127657.5,99.065
0.5,100,3,1,29,6580,998740,182929.50000000003,99.33
0.5,100,3,1,30,6589,998290,89263.5999999998,99.485
0.5,100,3,1,31,6497,999190,62904.79999999993,98.095
0.5,100,3,1,32,6553,998740,112689.99999999978,99.165
0.5,100,3,1,33,6524,999730,72687.19999999936,98.48
0.5,100,3,1,34,6554,999820,80949.9000000003,98.82
0.5,100,3,1,35,6549,999280,128433.19999999933,98.73
0.5,100,3,1,36,6624,999460,120203.59999999874,99.765
0.5,100,3,1,37,6547,998110,89363.4,99.02
0.5,100,3,1,38,6572,998560,194416.9999999999,99.315
0.5,100,3,1,39,6509,999460,67584.00000000001,98.505
0.5,100,3,1,40,6609,999460,261220.00000000006,99.51
0.5,100,3,1,41,6472,999190,54036.09999999999,98.125
0.5,100,3,1,42,6574,999010,220211.99999999924,98.93
0.5,100,3,1,43,6483,998920,86939.40000000024,98.835
0.5,100,3,1,44,6594,999550,175547.99999999988,99.45
0.5,100,3,1,45,6497,999640,52926.79999999996,98.335
0.5,100,3,1,46,6561,999370,99119.99999999968,99.165
0.5,100,3,1,47,6561,999820,119741.99999999948,99.445
0.5,100,3,1,48,6545,998470,81042.39999999947,99.075
0.5,100,3,1,49,6601,999280,103450.0,99.795
0.5,100,3,4,0,6567,999550,115418.00000000003,99.575
0.5,100,3,4,1,6545,998290,74387.19999999931,98.985
0.5,100,3,4,2,6531,998380,57539.99999999994,99.205
0.5,100,3,4,3,6582,999280,118185.09999999948,99.24
0.5,100,3,4,4,6577,998920,99258.7999999997,99.365
0.5,100,3,4,5,6591,998200,255271.00000000023,99.43
0.5,100,3,4,6,6543,998650,117140.79999999932,99.535
0.5,100,3,4,7,6537,998740,85066.00000000013,99.145
0.5,100,3,4,8,6551,999640,80750.0,99.81
0.5,100,3,4,9,6520,999370,70939.89999999959,98.735
0.5,100,3,4,10,6579,999640,105133.20000000065,99.185
0.5,100,3,4,11,6562,998650,107125.0000000005,99.53
0.5,100,3,4,12,6575,999280,99142.00000000015,99.555
0.5,100,3,4,13,6565,998470,124677.19999999984,98.68
0.5,100,3,4,14,6508,999280,88075.30000000006,98.05
0.5,100,3,4,15,6594,999460,138443.09999999875,99.35
0.5,100,3,4,16,6575,999370,83430.20000000006,99.35
0.5,100,3,4,17,6517,999370,57930.400000000045,98.845
0.5,100,3,4,18,6524,999370,79624.69999999947,98.345
0.5,100,3,4,19,6551,998740,88760.0,99.18
0.5,100,3,4,20,6560,998020,158209.99999999985,98.86
0.5,100,3,4,21,6580,999460,149865.30000000005,99.605
0.5,100,3,4,22,6571,999460,305150.0000000003,98.915
0.5,100,3,4,23,6565,998830,94261.99999999994,99.15
0.5,100,3,4,24,6572,998020,132533.99999999997,99.37
0.5,100,3,4,25,6526,999100,55090.0,99.44
0.5,100,3,4,26,6583,999280,155769.20000000027,99.32
0.5,100,3,4,27,6510,999730,83880.99999999968,98.94
0.5,100,3,4,28,6587,999010,121852.00000000026,99.545
0.5,100,3,4,29,6553,999100,138946.7999999998,99.15
0.5,100,3,4,30,6571,999190,89939.00000000013,99.105
0.5,100,3,4,31,6519,999280,106033.19999999992,98.69
0.5,100,3,4,32,6564,999280,83734.19999999992,98.805
0.5,100,3,4,33,6575,999190,114888.00000000038,99.41
0.5,100,3,4,34,6550,999550,74125.30000000002,99.53
0.5,100,3,4,35,6603,999370,140587.99999999974,99.68
0.5,100,3,4,36,6596,999460,93126.00000000009,99.425
0.5,100,3,4,37,6587,999280,138236.00000000015,99.27
0.5,100,3,4,38,6571,999190,80712.0,98.975
0.5,100,3,4,39,6603,997840,134702.99999999898,99.45
0.5,100,3,4,40,6580,998470,100346.6,99.035
0.5,100,3,4,41,6486,999100,74696.49999999945,98.115
0.5,100,3,4,42,6594,999280,182909.59999999963,99.65
0.5,100,3,4,43,6594,998650,109827.99999999988,99.615
0.5,100,3,4,44,6574,999100,96338.99999999968,99.315
0.5,100,3,4,45,6523,999190,58430.399999999696,99.315
0.5,100,3,4,46,6566,999010,94105.00000000061,98.94
0.5,100,3,4,47,6605,999460,182098.00000000003,99.52
0.5,100,3,4,48,6471,999280,49877.00000000005,97.77
0.5,100,3,4,49,6494,999280,81342.0999999997,98.685
0.5,100,3,16,0,6549,999190,53436.79999999972,99.23
0.5,100,3,16,1,6585,999190,110179.99999999978,99.69
0.5,100,3,16,2,6595,999280,375149.19999999425,99.755
0.5,100,3,16,3,6603,998920,211347.3999999991,99.65
0.5,100,3,16,4,6580,998470,89658.0000000001,99.26
0.5,100,3,16,5,6511,999550,87470.0,98.545
0.5,100,3,16,6,6561,999370,84953.99999999985,98.675
0.5,100,3,16,7,6620,999010,173660.99999999587,99.675
0.5,100,3,16,8,6534,999370,54229.40000000006,98.775
0.5,100,3,16,9,6574,999190,125092.59999999982,98.91
0.5,100,3,16,10,6476,999730,48807.5,98.585
0.5,100,3,16,11,6554,999280,108104.40000000013,99.29
0.5,100,3,16,12,6579,998560,121126.00000000032,99.43
0.5,100,3,16,13,6567,999010,84948.00000000017,99.205
0.5,100,3,16,14,6550,999190,78384.00000000009,99.3
0.5,100,3,16,15,6528,999640,53776.49999999998,98.585
0.5,100,3,16,16,6549,998650,86579.9999999993,98.955
0.5,100,3,16,17,6530,998830,95217.00000000003,99.19
0.5,100,3,16,18,6538,998740,88019.00000000003,99.045
0.5,100,3,16,19,6494,999910,59570.99999999991,98.705
0.5,100,3,16,20,6580,999370,85358.80000000002,99.42
0.5,100,3,16,21,6434,999730,67821.00000000025,97.295
0.5,100,3,16,22,6549,998560,102991.59999999983,99.02
0.5,100,3,16,23,6524,998920,84721.99999999971,98.75
0.5,100,3,16,24,6554,999100,64424.7,98.87
0.5,100,3,16,25,6551,999280,116720.0,99.175
0.5,100,3,16,26,6589,999550,152125.99999999988,99.24
0.5,100,3,16,27,6586,998830,167069.99999999985,99.235
0.5,100,3,16,28,6588,998830,245952.00000000006,99.11
0.5,100,3,16,29,6593,999280,100617.19999999998,99.565
0.5,100,3,16,30,6587,999100,192966.0000000006,99.69
0.5,100,3,16,31,6603,999640,142923.99999999857,99.45
0.5,100,3,16,32,6546,998020,78060.00000000036,99.155
0.5,100,3,16,33,6524,999010,88251.3999999996,98.87
0.5,100,3,16,34,6540,998650,124541.19999999544,98.75
0.5,100,3,16,35,6549,998740,93963.99999999351,98.935
0.5,100,3,16,36,6553,998470,46890.39999999957,99.07
0.5,100,3,16,37,6570,999370,119083.9999999998,99.15
0.5,100,3,16,38,6560,998740,106579.59999999992,99.235
0.5,100,3,16,39,6573,999010,91521.59999999969,99.05
0.5,100,3,16,40,6562,999550,100985.50000000048,99.575
0.5,100,3,16,41,6623,999550,163839.99999999977,99.87
0.5,100,3,16,42,6583,999100,260732.0000000004,99.445
0.5,100,3,16,43,6629,999280,117380.80000000003,99.845
0.5,100,3,16,44,6576,998920,131135.0,99.625
0.5,100,3,16,45,6535,999820,148197.99999999924,98.965
0.5,100,3,16,46,6587,999460,121032.00000000044,99.515
0.5,100,3,16,47,6523,999730,64129.7999999999,98.32
0.5,100,3,16,48,6575,998560,98292.80000000083,99.465
0.5,100,3,16,49,6587,998830,145625.0000000014,99.195
0.5,100,3,32,0,6558,999910,107683.00000000032,99.685
0.5,100,3,32,1,6547,998380,78685.39999999998,98.68
0.5,100,3,32,2,6590,998740,121285.49999999933,99.31
0.5,100,3,32,3,6487,998560,79446.00000000013,98.855
0.5,100,3,32,4,6559,998560,175796.00000000006,98.82
0.5,100,3,32,5,6559,999280,109848.40000000004,98.87
0.5,100,3,32,6,6479,999280,52592.00000000002,98.485
0.5,100,3,32,7,6555,998560,58594.00000000003,99.03
0.5,100,3,32,8,6565,999370,142857.99999999974,99.195
0.5,100,3,32,9,6578,998830,115234.39999999988,99.325
0.5,100,3,32,10,6549,999100,106040.79999999951,98.57
0.5,100,3,32,11,6514,999100,70387.99999999996,98.29
0.5,100,3,32,12,6579,999550,189490.00000000026,99.595
0.5,100,3,32,13,6516,999100,47174.00000000016,98.785
0.5,100,3,32,14,6525,1000000,73298.80000000013,98.525
0.5,100,3,32,15,6577,998470,99270.39999999918,99.04
0.5,100,3,32,16,6601,998920,112600.0,99.575
0.5,100,3,32,17,6443,999730,55671.19999999999,97.175
0.5,100,3,32,18,6502,998290,92963.99999999987,98.02
0.5,100,3,32,19,6572,998920,95610.39999999994,99.25
0.5,100,3,32,20,6555,998560,89977.20000000003,98.735
0.5,100,3,32,21,6578,999280,116374.99999999978,99.385
0.5,100,3,32,22,6504,999190,47690.90000000025,99.005
0.5,100,3,32,23,6598,998560,206247.99999999983,99.29
0.5,100,3,32,24,6618,999280,323334.99999999476,99.665
0.5,100,3,32,25,6584,999280,107107.20000000023,99.425
0.5,100,3,32,26,6557,999550,82853.99999999895,98.985
0.5,100,3,32,27,6575,999460,94524.20000000036,99.61
0.5,100,3,32,28,6565,999010,127349.99999999983,99.075
0.5,100,3,32,29,6506,999820,89498.99999999993,98.325
0.5,100,3,32,30,6528,998920,72533.2999999999,98.785
0.5,100,3,32,31,6549,999100,70273.19999999969,98.72
0.5,100,3,32,32,6532,999010,157735.99999999945,98.71
0.5,100,3,32,33,6562,999640,100607.9000000025,99.04
0.5,100,3,32,34,6585,999640,134857.99999999994,99.355
0.5,100,3,32,35,6520,999100,58096.59999999956,99.1
0.5,100,3,32,36,6562,998290,112370.00000000067,99.045
0.5,100,3,32,37,6588,998290,121708.00000000006,99.435
0.5,100,3,32,38,6551,999190,107640.0,98.94
0.5,100,3,32,39,6572,999100,108722.99999999997,98.865
0.5,100,3,32,40,6560,999460,133720.0,98.95
0.5,100,3,32,41,6563,998830,64876.00000000002,99.345
0.5,100,3,32,42,6591,998650,99900.00000000138,99.575
0.5,100,3,32,43,6587,998290,85167.20000000016,99.13
0.5,100,3,32,44,6580,999640,147537.0000000001,99.875
0.5,100,3,32,45,6560,999190,83603.79999999881,99.27
0.5,100,3,32,46,6512,999190,112930.30000000009,98.235
0.5,100,3,32,47,6526,999190,67077.5,99.26
0.5,100,3,32,48,6547,999280,71637.99999999996,98.955
0.5,100,3,32,49,6530,999550,87761.70000000001,98.525
0.8,1,3,1,0,6541,998740,87024.00000000023,98.57
0.8,1,3,1,1,6556,998650,122109.99999999916,99.2
0.8,1,3,1,2,6515,998650,80877.39999999964,98.24
0.8,1,3,1,3,6563,999280,67248.40000000002,99.59
0.8,1,3,1,4,6552,999370,45851.79999999982,99.105
0.8,1,3,1,5,6596,999550,165531.50000000023,99.505
0.8,1,3,1,6,6594,999100,86208.9999999998,99.385
0.8,1,3,1,7,6530,998830,75180.1,98.48
0.8,1,3,1,8,6605,999640,95737.20000000007,99.71
0.8,1,3,1,9,6559,999010,130156.0000000001,99.01
0.8,1,3,1,10,6565,999190,66219.19999999992,99.34
0.8,1,3,1,11,6593,999010,171055.99999999997,99.085
0.8,1,3,1,12,6517,999640,61903.200000000106,98.61
0.8,1,3,1,13,6522,999280,86731.79999999996,98.605
0.8,1,3,1,14,6562,998920,112052.40000000005,99.02
0.8,1,3,1,15,6564,999730,96248.89999999935,99.24
0.8,1,3,1,16,6555,999640,113964.80000000008,99.075
0.8,1,3,1,17,6507,999730,114140.99999999994,98.4
0.8,1,3,1,18,6570,998740,108367.09999999979,99.005
0.8,1,3,1,19,6538,999370,228488.30000000016,98.525
0.8,1,3,1,20,6588,999010,81252.2000000001,99.445
0.8,1,3,1,21,6579,999460,77988.0000000001,99.375
0.8,1,3,1,22,6605,999100,147878.00000000003,99.36
0.8,1,3,1,23,6612,999100,298125.0000000021,99.53
0.8,1,3,1,24,6500,999280,55729.90000000021,98.635
0.8,1,3,1,25,6553,999280,60260.0,99.79
0.8,1,3,1,26,6521,998650,63032.00000000004,98.89
0.8,1,3,1,27,6590,999010,126691.09999999999,99.42
0.8,1,3,1,28,6567,999370,109288.00000000003,99.77
0.8,1,3,1,29,6541,999370,108840.00000000061,99.22
0.8,1,3,1,30,6556,999370,125399.99999999978,98.88
0.8,1,3,1,31,6500,999640,62403.400000000074,98.73
0.8,1,3,1,32,6478,999550,50991.09999999975,98.135
0.8,1,3,1,33,6594,998380,84854.29999999986,99.26
0.8,1,3,1,34,6576,999280,83790.0,99.05
0.8,1,3,1,35,6614,998740,108241.39999999986,99.68
0.8,1,3,1,36,6537,999280,48221.60000000047,98.795
0.8,1,3,1,37,6538,999460,81863.80000000003,99.2
0.8,1,3,1,38,6565,999280,71615.19999999974,99.045
0.8,1,3,1,39,6565,999460,141513.99999999988,99.03
0.8,1,3,1,40,6601,999280,188870.0,99.735
0.8,1,3,1,41,6600,999190,105624.10000000053,99.32
0.8,1,3,1,42,6571,998560,81420.00000000044,99.26
0.8,1,3,1,43,6612,999640,213767.00000000207,99.88
0.8,1,3,1,44,6531,998560,105028.99999999994,98.9
0.8,1,3,1,45,6602,999280,157620.39999999892,99.61
0.8,1,3,1,46,6563,998920,79525.40000000004,99.35
0.8,1,3,1,47,6597,999190,85693.6,99.255
0.8,1,3,1,48,6538,999550,102702.00000000016,99.02
0.8,1,3,1,49,6520,998740,63574.99999999975,98.255
0.8,1,3,4,0,6565,999460,70145.99999999948,99.365
0.8,1,3,4,1,6595,999460,147550.39999999956,99.56
0.8,1,3,4,2,6582,999640,89222.99999999651,99.34
0.8,1,3,4,3,6578,999370,138018.999999999,99.06
0.8,1,3,4,4,6579,999010,198760.00000000076,98.9
0.8,1,3,4,5,6530,998650,77102.30000000005,98.365
0.8,1,3,4,6,6537,998650,72592.8,98.59
0.8,1,3,4,7,6530,999460,75954.00000000001,98.715
0.8,1,3,4,8,6565,999100,120725.99999999965,99.335
0.8,1,3,4,9,6558,998560,140991.00000000108,99.49
0.8,1,3,4,10,6579,998380,91136.8000000001,99.365
0.8,1,3,4,11,6563,998830,103785.20000000007,98.78
0.8,1,3,4,12,6520,999640,99183.9999999998,98.74
0.8,1,3,4,13,6608,999550,129374.0000000011,99.6
0.8,1,3,4,14,6600,999730,135061.20000000068,99.59
0.8,1,3,4,15,6552,999730,85797.59999999995,98.87
0.8,1,3,4,16,6562,998290,85337.40000000023,99.23
0.8,1,3,4,17,6592,998740,93144.70000000011,99.63
0.8,1,3,4,18,6548,999010,74471.19999999998,98.67
0.8,1,3,4,19,6557,998650,83469.19999999984,98.975
0.8,1,3,4,20,6591,999190,78747.0000000001,99.45
0.8,1,3,4,21,6510,999910,98257.39999999938,98.895
0.8,1,3,4,22,6561,999190,91169.99999999911,99.7
0.8,1,3,4,23,6597,999370,96067.2,99.47
0.8,1,3,4,24,6574,999190,149509.99999999953,99.485
0.8,1,3,4,25,6516,999730,64745.00000000018,98.465
0.8,1,3,4,26,6520,999460,73943.09999999974,98.915
0.8,1,3,4,27,6536,998470,54359.99999999993,98.765
0.8,1,3,4,28,6533,999190,47950.40000000059,99.09
0.8,1,3,4,29,6541,998830,83532.0000000004,98.695
0.8,1,3,4,30,6541,999640,109926.00000000138,99.04
0.8,1,3,4,31,6553,998290,93731.99999999983,99.31
0.8,1,3,4,32,6581,999370,102681.99999999988,99.305
0.8,1,3,4,33,6622,998920,200795.99999999997,99.67
0.8,1,3,4,34,6595,999460,108917.99999999959,99.285
0.8,1,3,4,35,6525,999370,76596.00000000023,99.1
0.8,1,3,4,36,6530,998200,64850.700000000004,99.155
0.8,1,3,4,37,6519,998830,72800.39999999964,98.2
0.8,1,3,4,38,6557,998920,100295.99999999984,99.125
0.8,1,3,4,39,6568,998740,156987.99999999994,99.265
0.8,1,3,4,40,6557,998920,102125.99999999984,99.41
0.8,1,3,4,41,6550,999370,64810.00000000022,98.8
0.8,1,3,4,42,6616,999010,275645.00000000035,99.405
0.8,1,3,4,43,6610,999010,110071.7999999994,99.805
0.8,1,3,4,44,6576,999460,152490.0,99.48
0.8,1,3,4,45,6533,999010,68184.00000000038,98.405
0.8,1,3,4,46,6602,999550,166797.99999999974,99.63
0.8,1,3,4,47,6575,999190,105773.80000000013,99.07
0.8,1,3,4,48,6554,999010,111695.30000000025,99.085
0.8,1,3,4,49,6522,998830,114720.99999999993,99.41
0.8,1,3,16,0,6607,999010,100481.99999999948,99.495
0.8,1,3,16,1,6596,999100,228309.50000000178,99.295
0.8,1,3,16,2,6591,998830,166670.00000000015,99.545
0.8,1,3,16,3,6555,999640,63436.00000000013,99.72
0.8,1,3,16,4,6565,999550,134858.39999999822,99.78
0.8,1,3,16,5,6565,998920,152975.99999999983,99.05
0.8,1,3,16,6,6565,999370,80704.39999999982,99.475
0.8,1,3,16,7,6575,998380,167404.0000000004,99.31
0.8,1,3,16,8,6561,998920,77609.99999999985,98.825
0.8,1,3,16,9,6591,999460,83103.00000000074,99.3
0.8,1,3,16,10,6551,998920,99895.0,99.33
0.8,1,3,16,11,6608,999280,101015.5000000001,99.5
0.8,1,3,16,12,6538,999190,75060.60000000028,98.745
0.8,1,3,16,13,6556,999010,91880.49999999994,98.725
0.8,1,3,16,14,6560,999280,105718.99999999972,98.985
0.8,1,3,16,15,6543,999190,52630.99999999997,98.63
0.8,1,3,16,16,6576,998740,119580.0,99.44
0.8,1,3,16,17,6437,999370,63779.60000000046,97.395
0.8,1,3,16,18,6539,999010,119567.59999999995,99.02
0.8,1,3,16,19,6502,999640,102981.99999999983,99.065
0.8,1,3,16,20,6601,998470,170050.0,99.32
0.8,1,3,16,21,6519,998560,58370.19999999997,98.6
0.8,1,3,16,22,6583,999460,165490.00000000073,99.06
0.8,1,3,16,23,6554,998470,78535.50000000042,98.935
0.8,1,3,16,24,6555,999010,109246.00000000004,99.065
0.8,1,3,16,25,6551,999370,88245.0,99.26
0.8,1,3,16,26,6545,998110,96059.99999999962,98.82
0.8,1,3,16,27,6554,998830,76725.60000000012,99.47
0.8,1,3,16,28,6534,999640,76181.10000000002,99.28
0.8,1,3,16,29,6544,998920,105080.99999999933,98.665
0.8,1,3,16,30,6536,999730,63939.999999999854,99.23
0.8,1,3,16,31,6609,999190,107262.00000000045,99.595
0.8,1,3,16,32,6594,999550,106735.99999999977,99.46
0.8,1,3,16,33,6537,998740,102380.00000000048,98.49
0.8,1,3,16,34,6510,998830,62463.99999999994,98.67
0.8,1,3,16,35,6560,998920,102511.89999999889,98.97
0.8,1,3,16,36,6560,998380,108809.19999999998,98.705
0.8,1,3,16,37,6585,999280,124035.99999999977,99.215
0.8,1,3,16,38,6528,999010,56695.599999999686,98.53
0.8,1,3,16,39,6494,999100,48628.49999999984,98.765
0.8,1,3,16,40,6587,999640,151581.000000003,99.28
0.8,1,3,16,41,6503,999730,72941.99999999983,98.2
0.8,1,3,16,42,6608,999370,132928.00000000047,99.655
0.8,1,3,16,43,6591,999370,101130.00000001676,99.44
0.8,1,3,16,44,6532,998200,126899.99999999959,98.365
0.8,1,3,16,45,6593,999640,72337.99999999988,99.545
0.8,1,3,16,46,6564,998830,54727.29999999997,99.385
0.8,1,3,16,47,6591,998380,107130.0,99.355
0.8,1,3,16,48,6562,999100,84171.6000000008,99.41
0.8,1,3,16,49,6545,999100,87369.99999999975,98.875
0.8,1,3,32,0,6463,999370,54142.000000000044,97.495
0.8,1,3,32,1,6561,999100,93589.99999999975,98.845
0.8,1,3,32,2,6571,999100,135890.0000000005,99.005
0.8,1,3,32,3,6607,999460,188795.19999999876,99.75
0.8,1,3,32,4,6584,999280,105005.00000000003,99.235
0.8,1,3,32,5,6603,998290,141729.99999999936,99.455
0.8,1,3,32,6,6557,998470,124707.59999999977,98.905
0.8,1,3,32,7,6513,999640,55348.800000000134,98.48
0.8,1,3,32,8,6530,999010,116894.10000000006,99.02
0.8,1,3,32,9,6558,999010,127148.3000000014,98.77
0.8,1,3,32,10,6545,999010,109949.99999999949,98.95
0.8,1,3,32,11,6561,999370,58219.999999999854,99.14
0.8,1,3,32,12,6576,998830,82602.5,98.91
0.8,1,3,32,13,6582,999460,108397.39999999941,99.465
0.8,1,3,32,14,6555,998740,75113.6,99.23
0.8,1,3,32,15,6550,999460,61734.20000000009,99.58
0.8,1,3,32,16,6536,999190,61931.49999999996,99.475
0.8,1,3,32,17,6541,999010,117736.00000000028,98.56
0.8,1,3,32,18,6492,999640,100931.40000000021,97.985
0.8,1,3,32,19,6566,998470,123335.00000000055,99.175
0.8,1,3,32,20,6561,999370,141349.9999999919,99.065
0.8,1,3,32,21,6555,999280,147428.00000000003,98.78
0.8,1,3,32,22,6573,998920,146843.9999999998,99.095
0.8,1,3,32,23,6544,999550,112135.99999999977,98.915
0.8,1,3,32,24,6554,998650,76662.00000000016,99.13
0.8,1,3,32,25,6542,998740,88153.0000000001,99.04
0.8,1,3,32,26,6576,998290,78295.0,99.195
0.8,1,3,32,27,6575,999010,109246.00000000013,99.255
0.8,1,3,32,28,6581,999190,102769.99999999994,99.0
0.8,1,3,32,29,6498,999280,69474.39999999963,98.175
0.8,1,3,32,30,6591,998830,142159.00000000026,99.36
0.8,1,3,32,31,6550,998920,131661.00000000023,98.755
0.8,1,3,32,32,6551,998830,83770.0,99.335
0.8,1,3,32,33,6513,999010,82927.20000000001,98.965
0.8,1,3,32,34,6576,998560,109130.0,99.25
0.8,1,3,32,35,6573,998830,106359.99999999987,99.385
0.8,1,3,32,36,6577,998740,86742.7999999999,99.585
0.8,1,3,32,37,6513,998560,56988.80000000006,98.23
0.8,1,3,32,38,6528,999280,76169.59999999934,98.36
0.8,1,3,32,39,6598,999010,136564.99999999988,99.465
0.8,1,3,32,40,6614,999640,184610.19999999984,99.785
0.8,1,3,32,41,6562,999100,74684.0000000002,98.92
0.8,1,3,32,42,6552,998470,81765.99999999991,99.235
0.8,1,3,32,43,6583,998380,141204.00000000081,99.35
0.8,1,3,32,44,6540,999910,99279.59999999987,99.33
0.8,1,3,32,45,6609,999460,221731.2000000006,99.49
0.8,1,3,32,46,6566,998830,70270.50000000016,99.345
0.8,1,3,32,47,6507,998830,58717.599999999984,98.28
0.8,1,3,32,48,6566,999820,109810.50000000001,99.365
0.8,1,3,32,49,6475,998380,50048.000000000175,98.185
0.8,10,3,1,0,6543,999370,77507.99999999981,99.04
0.8,10,3,1,1,6581,999010,141219.99999999953,99.155
0.8,10,3,1,2,6537,999280,61195.60000000001,99.05
0.8,10,3,1,3,6578,999190,91895.99999999991,99.17
0.8,10,3,1,4,6580,998200,112877.00000000003,99.38
0.8,10,3,1,5,6544,998920,117113.09999999976,99.365
0.8,10,3,1,6,6590,998740,125672.59999999979,99.355
0.8,10,3,1,7,6567,999100,167770.0000000011,99.34
0.8,10,3,1,8,6586,998650,173389.99999999956,99.425
0.8,10,3,1,9,6538,998740,109113.00000000012,99.035
0.8,10,3,1,10,6578,998470,91936.99999999962,99.265
0.8,10,3,1,11,6568,998380,114327.99999999988,99.47
0.8,10,3,1,12,6585,999280,91943.99999999987,99.47
0.8,10,3,1,13,6573,999730,84363.99999999967,99.435
0.8,10,3,1,14,6590,998740,108633.99999999987,99.305
0.8,10,3,1,15,6488,998290,60908.40000000007,98.005
0.8,10,3,1,16,6611,998470,180369.99999999985,99.725
0.8,10,3,1,17,6513,999460,53244.000000000204,99.06
0.8,10,3,1,18,6562,999010,140209.20000000106,99.17
0.8,10,3,1,19,6572,998740,92181.99999999997,99.535
0.8,10,3,1,20,6554,999730,48856.000000000204,99.4
0.8,10,3,1,21,6573,999280,121105.19999999966,99.335
0.8,10,3,1,22,6533,998290,69586.0000000002,98.905
0.8,10,3,1,23,6533,998110,87210.00000000015,98.835
0.8,10,3,1,24,6548,998290,67237.79999999993,99.135
0.8,10,3,1,25,6544,999370,83947.99999999988,99.175
0.8,10,3,1,26,6537,999100,131812.00000000157,98.51
0.8,10,3,1,27,6627,999100,181455.9999999998,99.57
0.8,10,3,1,28,6541,998830,90210.00000000061,98.74
0.8,10,3,1,29,6634,999280,254034.0,99.74
0.8,10,3,1,30,6589,999460,364759.59999999986,99.235
0.8,10,3,1,31,6564,998740,80945.29999999993,98.905
0.8,10,3,1,32,6533,998830,74958.80000000019,98.62
0.8,10,3,1,33,6519,998830,90166.79999999891,98.585
0.8,10,3,1,34,6567,999370,117196.40000000007,99.11
0.8,10,3,1,35,6518,999100,68010.69999999998,98.44
0.8,10,3,1,36,6560,999640,111238.69999999998,98.79
0.8,10,3,1,37,6537,999010,84630.00000000032,98.69
0.8,10,3,1,38,6555,999280,65595.40000000004,98.81
0.8,10,3,1,39,6550,998560,101565.00000000032,99.29
0.8,10,3,1,40,6562,999100,142283.9000000059,99.215
0.8,10,3,1,41,6556,999280,62112.999999999905,99.09
0.8,10,3,1,42,6578,998560,119321.99999999983,99.085
0.8,10,3,1,43,6551,999280,79880.0,98.96
0.8,10,3,1,44,6576,999010,93322.5,99.075
0.8,10,3,1,45,6586,999280,89596.49999999981,99.495
0.8,10,3,1,46,6569,998830,79765.99999999991,99.585
0.8,10,3,1,47,6541,999550,79050.00000000022,99.455
0.8,10,3,1,48,6536,998920,89228.99999999983,98.615
0.8,10,3,1,49,6574,999640,113718.19999999969,99.11
0.8,10,3,4,0,6504,999010,57309.30000000018,98.325
0.8,10,3,4,1,6547,998920,110118.0,99.125
0.8,10,3,4,2,6569,998920,235609.99999999953,98.925
0.8,10,3,4,3,6573,999370,80333.99999999916,98.985
0.8,10,3,4,4,6577,999550,126445.99999999991,98.93
0.8,10,3,4,5,6593,998830,86801.99999999978,99.44
0.8,10,3,4,6,6569,998650,116457.99999999988,99.015
0.8,10,3,4,7,6569,998650,100339.99999999942,99.33
0.8,10,3,4,8,6508,999190,108066.5000000006,98.555
0.8,10,3,4,9,6552,999370,80698.7999999991,98.68
0.8,10,3,4,10,6482,999010,52271.99999999968,98.13
0.8,10,3,4,11,6582,998110,116541.49999999806,99.375
0.8,10,3,4,12,6515,999280,88273.99999999987,98.65
0.8,10,3,4,13,6613,999280,141452.0000000002,99.69
0.8,10,3,4,14,6569,999730,82105.59999999983,98.91
0.8,10,3,4,15,6564,999010,82364.29999999887,99.535
0.8,10,3,4,16,6568,999460,86105.69999999998,99.275
0.8,10,3,4,17,6466,999370,69105.00000000012,98.83
0.8,10,3,4,18,6532,998470,94530.99999999884,98.61
0.8,10,3,4,19,6546,998830,107285.00000000026,98.555
0.8,10,3,4,20,6621,998830,121036.00000000023,99.55
0.8,10,3,4,21,6615,999370,111065.79999999983,99.655
0.8,10,3,4,22,6576,999640,84110.0,99.635
0.8,10,3,4,23,6521,999280,71020.00000000003,98.745
0.8,10,3,4,24,6565,999010,93741.5999999999,98.92
0.8,10,3,4,25,6534,998650,221165.00000000003,98.705
0.8,10,3,4,26,6518,999010,41789.799999999996,99.22
0.8,10,3,4,27,6502,999280,60207.399999999936,98.1
0.8,10,3,4,28,6592,999100,122163.40000000004,99.2
0.8,10,3,4,29,6538,999010,107544.8000000001,99.28
0.8,10,3,4,30,6552,998650,94001.79999999981,99.055
0.8,10,3,4,31,6552,999460,81976.29999999958,99.16
0.8,10,3,4,32,6551,999370,73350.0,98.95
0.8,10,3,4,33,6571,999820,70668.00000000012,99.095
0.8,10,3,4,34,6555,999820,103100.00000000003,99.2
0.8,10,3,4,35,6442,999100,48174.200000000055,97.53
0.8,10,3,4,36,6537,999190,119156.80000000054,99.09
0.8,10,3,4,37,6515,998920,67717.99999999956,98.28
0.8,10,3,4,38,6528,999820,63561.29999999965,98.64
0.8,10,3,4,39,6580,999640,107953.00000000004,99.17
0.8,10,3,4,40,6519,999460,60703.799999999974,98.43
0.8,10,3,4,41,6553,998650,84101.99999999939,99.635
0.8,10,3,4,42,6564,998650,97182.99999999991,98.835
0.8,10,3,4,43,6573,998380,149381.99999999983,99.54
0.8,10,3,4,44,6586,998110,150884.49999999983,99.215
0.8,10,3,4,45,6564,999460,97027.19999999994,99.18
0.8,10,3,4,46,6538,998650,66782.2000000001,99.505
0.8,10,3,4,47,6547,998830,108907.79999999999,99.01
0.8,10,3,4,48,6564,998110,87222.99999999991,99.175
0.8,10,3,4,49,6511,999550,73483.9999999996,98.935
0.8,10,3,16,0,6540,999100,107774.49999999985,98.875
0.8,10,3,16,1,6584,999370,80141.00000000016,99.19
0.8,10,3,16,2,6607,999370,115773.59999999983,99.5
0.8,10,3,16,3,6555,999730,81208.00000000003,98.715
0.8,10,3,16,4,6508,999820,66232.00000000012,98.595
0.8,10,3,16,5,6562,998380,112695.00000000017,99.26
0.8,10,3,16,6,6552,999460,53633.399999999856,99.28
0.8,10,3,16,7,6589,999190,175953.9999999999,99.475
0.8,10,3,16,8,6571,999370,77307.00000000017,99.45
0.8,10,3,16,9,6578,999370,81609.29999999961,99.575
0.8,10,3,16,10,6575,998560,111595.60000000034,99.33
0.8,10,3,16,11,6528,998920,78201.89999999956,98.655
0.8,10,3,16,12,6572,999190,118418.19999999998,99.245
0.8,10,3,16,13,6579,999100,148782.00000000017,98.99
0.8,10,3,16,14,6589,999460,95053.59999999983,99.16
0.8,10,3,16,15,6582,999640,154205.99999999983,99.405
0.8,10,3,16,16,6553,999010,90959.99999999585,99.54
0.8,10,3,16,17,6598,999550,86093.29999999996,99.325
0.8,10,3,16,18,6574,999010,78695.5999999994,99.35
0.8,10,3,16,19,6596,997840,133260.00000000006,99.3
0.8,10,3,16,20,6552,999370,82559.79999999957,99.01
0.8,10,3,16,21,6550,999190,87370.50000000012,98.945
0.8,10,3,16,22,6554,998920,104937.00000000028,99.05
0.8,10,3,16,23,6590,999550,80632.99999999924,99.46
0.8,10,3,16,24,6586,998830,137531.5,99.65
0.8,10,3,16,25,6537,998920,125117.60000000036,98.775
0.8,10,3,16,26,6578,999190,128751.89999999932,99.035
0.8,10,3,16,27,6580,999550,73367.20000000001,99.29
0.8,10,3,16,28,6510,999460,53138.399999999965,98.495
0.8,10,3,16,29,6547,999190,73699.99999999999,99.03
0.8,10,3,16,30,6536,999370,81789.99999999985,98.98
0.8,10,3,16,31,6559,999280,85696.60000000012,98.675
0.8,10,3,16,32,6595,999460,132081.99999999558,99.49
0.8,10,3,16,33,6606,999370,142694.4999999998,99.66
0.8,10,3,16,34,6562,999370,125693.00000000055,99.07
0.8,10,3,16,35,6528,999550,79527.3999999994,98.495
0.8,10,3,16,36,6551,999190,77360.0,99.26
0.8,10,3,16,37,6592,999010,130569.0000000003,99.36
0.8,10,3,16,38,6448,998110,46958.99999999993,97.98
0.8,10,3,16,39,6573,999100,117211.99999999965,99.29
0.8,10,3,16,40,6622,999460,123412.59999999996,99.675
0.8,10,3,16,41,6577,998470,116541.99999999905,99.725
0.8,10,3,16,42,6561,998740,70551.9999999999,99.285
0.8,10,3,16,43,6599,999100,108417.79999999912,99.41
0.8,10,3,16,44,6591,999550,82820.00000000007,99.75
0.8,10,3,16,45,6564,998200,91952.99999999991,99.09
0.8,10,3,16,46,6591,998830,128855.00000000038,99.55
0.8,10,3,16,47,6593,999100,142665.59999999966,99.56
0.8,10,3,16,48,6573,999100,169485.19999999998,99.37
0.8,10,3,16,49,6567,999010,112008.00000000148,99.37
0.8,10,3,32,0,6513,998740,92020.00000000153,98.405
0.8,10,3,32,1,6571,999190,73090.00000000047,99.555
0.8,10,3,32,2,6584,999370,208173.0000000002,99.165
0.8,10,3,32,3,6519,999280,61366.39999999985,98.34
0.8,10,3,32,4,6537,998830,84950.00000000058,98.63
0.8,10,3,32,5,6631,999640,313899.9999999993,99.91
0.8,10,3,32,6,6547,999010,85523.99999999997,98.94
0.8,10,3,32,7,6548,998920,65474.999999999876,99.06
0.8,10,3,32,8,6546,999100,133745.0000000005,98.955
0.8,10,3,32,9,6559,999640,87502.00000000012,98.925
0.8,10,3,32,10,6564,999280,68144.09999999989,99.455
0.8,10,3,32,11,6568,998830,77925.59999999969,99.485
0.8,10,3,32,12,6561,999910,69339.99999999978,99.46
0.8,10,3,32,13,6553,999010,89031.99999999917,99.28
0.8,10,3,32,14,6607,999100,114569.19999999992,99.66
0.8,10,3,32,15,6551,999100,75460.0,99.47
0.8,10,3,32,16,6597,999280,255567.99999999948,99.545
0.8,10,3,32,17,6546,998830,98075.00000000013,98.615
0.8,10,3,32,18,6586,999010,115398.99999999684,99.62
0.8,10,3,32,19,6590,997570,79740.19999999974,99.34
0.8,10,3,32,20,6530,998740,61123.90000000001,99.175
0.8,10,3,32,21,6603,999010,118240.79999999978,99.685
0.8,10,3,32,22,6570,999370,218226.99999999913,99.1
0.8,10,3,32,23,6580,999730,137256.60000000003,99.02
0.8,10,3,32,24,6523,999370,52352.79999999981,98.62
0.8,10,3,32,25,6604,999010,111200.00000000025,99.655
0.8,10,3,32,26,6557,999460,67183.99999999956,99.025
0.8,10,3,32,27,6544,998650,143829.59999999963,99.21
0.8,10,3,32,28,6568,999190,129972.99999999985,98.97
0.8,10,3,32,29,6547,999640,98521.4,99.47
0.8,10,3,32,30,6603,999730,122599.99999999956,99.91
0.8,10,3,32,31,6498,999550,55904.09999999988,97.915
0.8,10,3,32,32,6592,999280,85951.60000000003,99.605
0.8,10,3,32,33,6580,998560,103798.4,99.19
0.8,10,3,32,34,6566,999100,187205.00000000017,99.075
0.8,10,3,32,35,6577,999370,83164.79999999983,99.395
0.8,10,3,32,36,6569,999280,105433.9999999998,99.665
0.8,10,3,32,37,6494,998290,60157.099999999846,98.585
0.8,10,3,32,38,6576,999190,91595.0,98.97
0.8,10,3,32,39,6578,999550,107418.99999999856,99.22
0.8,10,3,32,40,6602,998470,185475.99999999555,99.28
0.8,10,3,32,41,6543,998830,92831.99999999997,98.75
0.8,10,3,32,42,6581,999190,142679.9999999999,99.35
0.8,10,3,32,43,6534,998290,54107.400000000016,98.59
0.8,10,3,32,44,6589,999820,81121.1999999999,99.745
0.8,10,3,32,45,6627,999190,399911.9999999964,99.71
0.8,10,3,32,46,6585,999370,165781.99999999983,99.125
0.8,10,3,32,47,6490,999010,42446.59999999998,98.08
0.8,10,3,32,48,6517,999190,61826.800000000076,99.005
0.8,10,3,32,49,6500,999640,47953.7000000003,98.69
0.8,100,3,1,0,6562,999010,86297.0000000001,98.985
0.8,100,3,1,1,6572,999640,80905.79999999999,99.165
0.8,100,3,1,2,6552,999100,61296.0999999998,98.955
0.8,100,3,1,3,6553,997930,134109.99999999988,99.225
0.8,100,3,1,4,6555,999190,122384.40000000005,98.91
0.8,100,3,1,5,6527,998920,195655.99999999927,98.395
0.8,100,3,1,6,6558,998740,83097.70000000011,98.76
0.8,100,3,1,7,6518,998380,68095.99999999984,98.695
0.8,100,3,1,8,6560,998380,108282.49999999997,99.275
0.8,100,3,1,9,6563,999280,50397.40000000013,98.84
0.8,100,3,1,10,6599,999190,189077.1999999996,99.405
0.8,100,3,1,11,6531,999370,66458.0,98.685
0.8,100,3,1,12,6564,999640,72416.99999999999,99.07
0.8,100,3,1,13,6615,998920,153821.99999999962,99.585
0.8,100,3,1,14,6597,998920,155251.59999999963,99.295
0.8,100,3,1,15,6564,998920,169883.69999999998,98.755
0.8,100,3,1,16,6616,999190,135530.00000000064,99.68
0.8,100,3,1,17,6584,998740,126055.00000000012,99.695
0.8,100,3,1,18,6530,998470,132487.00000000003,98.585
0.8,100,3,1,19,6581,999010,75779.99999999978,99.62
0.8,100,3,1,20,6524,999550,53311.39999999914,98.745
0.8,100,3,1,21,6468,999190,58741.99999999997,98.12
0.8,100,3,1,22,6586,998650,154930.49999999983,99.25
0.8,100,3,1,23,6563,999010,148820.40000000017,99.0
0.8,100,3,1,24,6512,999550,69801.90000000056,98.8
0.8,100,3,1,25,6547,997930,96027.39999999997,99.17
0.8,100,3,1,26,6560,998740,126489.99999999956,98.645
0.8,100,3,1,27,6539,997930,76420.9999999995,99.425
0.8,100,3,1,28,6604,999280,80563.00000000048,99.56
0.8,100,3,1,29,6541,999190,152810.0000000003,98.945
0.8,100,3,1,30,6562,999280,137890.10000000018,98.955
0.8,100,3,1,31,6592,998830,80004.5,99.4
0.8,100,3,1,32,6559,999640,100286.6000000001,98.81
0.8,100,3,1,33,6555,999100,127984.6000000003,99.62
0.8,100,3,1,34,6560,998470,66761.19999999995,99.415
0.8,100,3,1,35,6585,999820,151569.9999999999,99.585
0.8,100,3,1,36,6613,998920,124800.00000000006,99.64
0.8,100,3,1,37,6551,999370,221740.0,99.1
0.8,100,3,1,38,6574,998830,103957.9999999984,99.585
0.8,100,3,1,39,6545,999370,73827.59999999989,99.17
0.8,100,3,1,40,6609,999820,152009.20000000024,99.825
0.8,100,3,1,41,6539,999550,69523.7999999999,99.445
0.8,100,3,1,42,6578,998740,155682.3,99.715
0.8,100,3,1,43,6556,998110,133264.99999999953,98.72
0.8,100,3,1,44,6582,999820,162377.99999999953,99.39
0.8,100,3,1,45,6540,999730,77140.09999999986,98.68
0.8,100,3,1,46,6549,998920,127219.9999999993,99.32
0.8,100,3,1,47,6528,999640,60957.99999999974,99.55
0.8,100,3,1,48,6525,999190,47296.40000000004,99.215
0.8,100,3,1,49,6517,999460,75368.0000000001,98.46
0.8,100,3,4,0,6603,999370,111436.99999999994,99.415
0.8,100,3,4,1,6578,999550,115241.99999999983,99.125
0.8,100,3,4,2,6594,999370,78287.99999999988,99.42
0.8,100,3,4,3,6573,998560,93168.79999999989,99.07
0.8,100,3,4,4,6555,999730,84234.20000000001,99.115
0.8,100,3,4,5,6592,997750,138549.70000000004,99.135
0.8,100,3,4,6,6488,999550,54192.10000000013,98.285
0.8,100,3,4,7,6559,999550,114678.00000000044,99.425
0.8,100,3,4,8,6562,999460,138482.00000000288,99.53
0.8,100,3,4,9,6569,999640,101941.99999999968,99.515
0.8,100,3,4,10,6596,999010,126224.00000000084,99.635
0.8,100,3,4,11,6557,996310,81331.99999999968,99.25
0.8,100,3,4,12,6603,998380,92990.19999999869,99.4
0.8,100,3,4,13,6543,997300,106183.99999999997,99.005
0.8,100,3,4,14,6557,998470,79068.79999999989,99.25
0.8,100,3,4,15,6555,999190,137554.0000000001,99.635
0.8,100,3,4,16,6610,998560,224157.6999999995,99.655
0.8,100,3,4,17,6515,999820,61065.99999999997,98.59
0.8,100,3,4,18,6599,999370,119355.99999999868,99.34
0.8,100,3,4,19,6558,999100,129343.20000000007,99.335
0.8,100,3,4,20,6557,999550,133279.9999999998,99.47
0.8,100,3,4,21,6589,998290,105915.99999999985,99.32
0.8,100,3,4,22,6576,999370,91610.0,99.36
0.8,100,3,4,23,6578,999100,87885.99999999948,99.645
0.8,100,3,4,24,6575,998470,73787.20000000038,99.055
0.8,100,3,4,25,6593,999010,142123.99999999997,99.5
0.8,100,3,4,26,6515,999370,90073.99999999921,98.36
0.8,100,3,4,27,6530,999280,68842.00000000009,98.8
0.8,100,3,4,28,6534,999460,66448.00000000003,99.2
0.8,100,3,4,29,6592,999100,279384.00000000023,99.23
0.8,100,3,4,30,6583,999370,94570.00000000029,99.685
0.8,100,3,4,31,6560,997840,90154.59999999985,99.2
0.8,100,3,4,32,6550,999730,80728.10000000006,99.08
0.8,100,3,4,33,6577,998920,138762.39999999956,99.335
0.8,100,3,4,34,6583,999820,124454.00000000023,99.875
0.8,100,3,4,35,6581,998740,86377.99999999994,99.1
0.8,100,3,4,36,6502,999280,56852.79999999984,98.75
0.8,100,3,4,37,6561,999010,69449.99999999988,99.36
0.8,100,3,4,38,6550,999460,79975.50000000023,98.68
0.8,100,3,4,39,6541,998380,101736.00000000009,99.105
0.8,100,3,4,40,6576,998290,165135.0,99.58
0.8,100,3,4,41,6498,999010,64115.29999999987,98.315
0.8,100,3,4,42,6570,999460,149090.99999999942,99.265
0.8,100,3,4,43,6582,999010,265116.3999999998,99.07
0.8,100,3,4,44,6528,999280,72744.89999999819,98.575
0.8,100,3,4,45,6587,999010,97466.00000000029,99.255
0.8,100,3,4,46,6531,998830,81757.0,98.76
0.8,100,3,4,47,6505,999280,49802.40000000004,98.25
0.8,100,3,4,48,6559,999640,82492.00000000036,99.285
0.8,100,3,4,49,6552,998740,94307.99999999865,99.375
0.8,100,3,16,0,6555,999370,130786.40000000002,99.365
0.8,100,3,16,1,6575,999190,133808.00000000224,99.09
0.8,100,3,16,2,6606,999010,122280.0,99.55
0.8,100,3,16,3,6577,998830,83289.99999999983,99.52
0.8,100,3,16,4,6539,998740,192117.99999999994,99.02
0.8,100,3,16,5,6556,999190,70259.99999999985,99.76
0.8,100,3,16,6,6551,999280,105740.0,98.975
0.8,100,3,16,7,6584,999460,218427.0000000001,99.175
0.8,100,3,16,8,6600,999550,111069.00000000151,99.89
0.8,100,3,16,9,6566,998290,85175.50000000012,99.47
0.8,100,3,16,10,6480,999010,84803.80000000003,98.47
0.8,100,3,16,11,6567,999190,98107.8000000001,98.89
0.8,100,3,16,12,6595,999820,117036.79999999984,99.53
0.8,100,3,16,13,6570,999820,134179.99999999898,98.91
0.8,100,3,16,14,6497,999010,83368.79999999984,98.385
0.8,100,3,16,15,6580,999190,120571.0,99.24
0.8,100,3,16,16,6537,999370,69194.80000000042,98.57
0.8,100,3,16,17,6604,999190,124123.00000000023,99.34
0.8,100,3,16,18,6535,999640,80984.99999999974,99.02
0.8,100,3,16,19,6570,998740,121746.09999999985,99.295
0.8,100,3,16,20,6545,999010,109933.99999999878,98.725
0.8,100,3,16,21,6593,999280,162141.99999999997,99.415
0.8,100,3,16,22,6591,999010,95440.00000000026,99.505
0.8,100,3,16,23,6496,999280,73260.00000000096,99.2
0.8,100,3,16,24,6539,998560,78049.99999999972,99.31
0.8,100,3,16,25,6547,999280,86735.99999999996,99.38
0.8,100,3,16,26,6523,999100,87733.99999999993,98.585
0.8,100,3,16,27,6591,999370,132073.00000000128,99.475
0.8,100,3,16,28,6555,998920,116984.00000000001,99.18
0.8,100,3,16,29,6559,998740,80773.80000000006,99.265
0.8,100,3,16,30,6547,998560,91983.99999999997,99.195
0.8,100,3,16,31,6542,999370,157344.0000000001,98.815
0.8,100,3,16,32,6545,999010,146657.5999999994,98.72
0.8,100,3,16,33,6536,998200,108184.99999999974,99.38
0.8,100,3,16,34,6584,999100,79982.30000000002,99.185
0.8,100,3,16,35,6613,999280,479042.00000000006,99.53
0.8,100,3,16,36,6590,998920,116763.99999999921,99.72
0.8,100,3,16,37,6485,998650,48617.99999999981,98.01
0.8,100,3,16,38,6526,998380,72845.0,98.46
0.8,100,3,16,39,6573,999010,78158.3999999998,99.215
0.8,100,3,16,40,6531,998740,68395.99999999988,98.795
0.8,100,3,16,41,6587,999550,121796.00000000029,99.45
0.8,100,3,16,42,6574,998290,105748.29999999513,99.11
0.8,100,3,16,43,6541,999370,45050.00000000007,99.315
0.8,100,3,16,44,6551,999190,93575.0,98.735
0.8,100,3,16,45,6547,998830,66482.19999999982,99.395
0.8,100,3,16,46,6623,999280,211744.99999999994,99.79
0.8,100,3,16,47,6583,999100,98696.80000000008,99.45
0.8,100,3,16,48,6556,998470,67581.99999999983,99.155
0.8,100,3,16,49,6512,998110,50379.20000000009,98.275
0.8,100,3,32,0,6507,998830,46289.999999999796,98.71
0.8,100,3,32,1,6576,999190,128420.0,99.375
0.8,100,3,32,2,6558,998470,203382.7000000119,99.485
0.8,100,3,32,3,6530,999640,99476.00000000006,99.135
0.8,100,3,32,4,6581,999370,77005.99999999999,99.245
0.8,100,3,32,5,6508,999640,59383.90000000007,98.225
0.8,100,3,32,6,6605,999640,119932.00000000007,99.705
0.8,100,3,32,7,6589,998740,102232.4,99.165
0.8,100,3,32,8,6571,999280,92740.0000000002,99.715
0.8,100,3,32,9,6563,999010,62282.20000000002,99.415
0.8,100,3,32,10,6621,999280,112780.00000000007,99.78
0.8,100,3,32,11,6558,999460,90729.00000000038,99.065
0.8,100,3,32,12,6594,998740,98074.4999999999,99.51
0.8,100,3,32,13,6468,999460,48846.399999999994,97.8
0.8,100,3,32,14,6515,999370,68413.99999999987,98.875
0.8,100,3,32,15,6559,998200,88531.80000000002,99.235
0.8,100,3,32,16,6557,999100,111379.99999999719,99.265
0.8,100,3,32,17,6578,998740,75608.59999999964,99.49
0.8,100,3,32,18,6584,999730,81035.1,99.485
0.8,100,3,32,19,6595,999280,179169.99999999872,99.51
0.8,100,3,32,20,6444,999460,40243.7999999999,97.94
0.8,100,3,32,21,6544,998560,58525.99999999977,98.925
0.8,100,3,32,22,6598,999370,148559.99999999948,99.73
0.8,100,3,32,23,6424,999280,54351.999999999716,97.36
0.8,100,3,32,24,6523,999010,42062.59999999983,98.79
0.8,100,3,32,25,6444,999370,42318.299999999945,97.675
0.8,100,3,32,26,6560,999460,57560.0,99.31
0.8,100,3,32,27,6569,999820,162353.99999999965,99.215
0.8,100,3,32,28,6504,998380,53809.000000000175,98.165
0.8,100,3,32,29,6566,998650,57220.00000000022,99.09
0.8,100,3,32,30,6579,999100,74798.0000000001,98.985
0.8,100,3,32,31,6574,998470,137631.59999999523,99.33
0.8,100,3,32,32,6520,999370,62795.79999999888,98.665
0.8,100,3,32,33,6587,998830,117045.20000000006,99.78
0.8,100,3,32,34,6564,999550,103687.99999999996,99.265
0.8,100,3,32,35,6559,999010,73544.80000000003,98.79
0.8,100,3,32,36,6547,999550,112807.99999999997,98.975
0.8,100,3,32,37,6588,999370,105073.0,99.28
0.8,100,3,32,38,6590,998650,192957.99999999974,99.33
0.8,100,3,32,39,6540,998830,74023.09999999977,98.81
0.8,100,3,32,40,6552,999820,82569.89999999989,98.755
0.8,100,3,32,41,6504,999280,163089.70000000024,98.17
0.8,100,3,32,42,6517,998740,94542.00000000001,98.14
0.8,100,3,32,43,6529,999100,72337.60000000021,99.015
0.8,100,3,32,44,6559,999730,76346.00000000028,99.795
0.8,100,3,32,45,6566,999820,72530.00000000022,99.33
0.8,100,3,32,46,6577,998560,97619.19999999994,99.455
0.8,100,3,32,47,6529,999010,79612.00000000003,98.83
0.8,100,3,32,48,6554,999460,65832.00000000015,99.305
0.8,100,3,32,49,6538,998830,91875.9000000001,98.65
1,1,3,1,0,6469,999100,45529.99999999971,97.955
1,1,3,1,1,6425,999640,47291.200000000026,97.485
1,1,3,1,2,6551,998560,54665.0,98.78
1,1,3,1,3,6524,999460,71781.99999999924,99.08
1,1,3,1,4,6537,999100,59100.00000000032,98.995
1,1,3,1,5,6540,998560,77182.29999999986,99.515
1,1,3,1,6,6523,998470,66401.9999999999,98.655
1,1,3,1,7,6490,999550,107153.99999999987,98.235
1,1,3,1,8,6516,999100,96670.00000000015,98.875
1,1,3,1,9,6550,999280,88644.0000000003,99.06
1,1,3,1,10,6557,999100,76425.99999999964,99.485
1,1,3,1,11,6569,999190,115367.99999999988,99.165
1,1,3,1,12,6611,999370,155111.99999999988,99.635
1,1,3,1,13,6574,999010,92522.7999999997,99.225
1,1,3,1,14,6541,999190,96972.00000000003,99.605
1,1,3,1,15,6517,998920,73622.00000000019,98.255
1,1,3,1,16,6549,999730,70309.19999999966,98.91
1,1,3,1,17,6537,999280,115544.00000000052,98.865
1,1,3,1,18,6598,998740,114888.99999999917,99.815
1,1,3,1,19,6530,998290,47731.70000000001,98.99
1,1,3,1,20,6568,999370,75329.19999999998,99.445
1,1,3,1,21,6546,998740,101280.00000000017,98.605
1,1,3,1,22,6553,998380,91301.99999999983,99.28
1,1,3,1,23,6611,999190,87277.99999999843,99.665
1,1,3,1,24,6523,999550,61795.99999999956,98.835
1,1,3,1,25,6548,998740,91150.1999999994,99.185
1,1,3,1,26,6579,999460,119304.20000000142,99.03
1,1,3,1,27,6577,999730,96681.9999999982,99.18
1,1,3,1,28,6532,999730,77636.09999999971,98.92
1,1,3,1,29,6521,998020,65600.00000000017,99.58
1,1,3,1,30,6529,999820,152244.00000000017,98.485
1,1,3,1,31,6622,999190,176864.99999999997,99.66
1,1,3,1,32,6558,997930,78030.00000000087,98.71
1,1,3,1,33,6570,999190,141584.0999999979,99.25
1,1,3,1,34,6600,999460,119207.0000000006,99.6
1,1,3,1,35,6584,998740,115132.70000000024,99.07
1,1,3,1,36,6532,999010,90590.09999999989,98.795
1,1,3,1,37,6594,998920,133306.99999999997,99.665
1,1,3,1,38,6589,999190,164340.39999999988,99.31
1,1,3,1,39,6521,999370,55880.00000000007,99.035
1,1,3,1,40,6618,999280,257875.8999999995,99.575
1,1,3,1,41,6560,998290,71235.99999999991,99.515
1,1,3,1,42,6581,998740,163881.9999999997,99.645
1,1,3,1,43,6552,999100,81506.99999999994,98.85
1,1,3,1,44,6490,998200,47253.09999999993,98.365
1,1,3,1,45,6541,998650,64038.000000000146,99.495
1,1,3,1,46,6555,998740,86740.80000000008,99.04
1,1,3,1,47,6578,999640,79158.5999999992,99.43
1,1,3,1,48,6578,998920,143891.29999999987,99.305
1,1,3,1,49,6515,998830,89233.99999999955,99.155
1,1,3,4,0,6605,999280,153664.00000000006,99.415
1,1,3,4,1,6557,999280,86565.19999999976,99.865
1,1,3,4,2,6578,999370,116668.19999999984,99.035
1,1,3,4,3,6562,998020,101790.00000000097,98.735
1,1,3,4,4,6566,999550,69032.50000000012,99.375
1,1,3,4,5,6552,999010,133062.99999999985,98.945
1,1,3,4,6,6515,999550,66583.1999999998,98.79
1,1,3,4,7,6605,999820,198656.00000000012,99.26
1,1,3,4,8,6541,999910,90262.00000000023,98.91
1,1,3,4,9,6562,999010,170015.00000000017,99.13
1,1,3,4,10,6535,999460,58198.5999999999,99.295
1,1,3,4,11,6590,998650,86583.89999999918,99.585
1,1,3,4,12,6583,999730,135696.00000000035,99.16
1,1,3,4,13,6556,998740,99239.99999999978,99.45
1,1,3,4,14,6489,999460,38846.79999999998,98.625
1,1,3,4,15,6569,998560,94947.99999999857,99.2
1,1,3,4,16,6557,998560,118185.99999999843,99.45
1,1,3,4,17,6583,997840,76526.8000000008,99.51
1,1,3,4,18,6526,999460,69705.0,98.46
1,1,3,4,19,6527,999190,56968.59999999992,98.48
1,1,3,4,20,6590,999370,156225.59999999905,99.19
1,1,3,4,21,6587,998920,282776.0000000013,99.56
1,1,3,4,22,6538,999640,118291.00000000052,99.255
1,1,3,4,23,6602,999100,156225.9999999999,99.56
1,1,3,4,24,6556,998290,188763.49999999988,98.805
1,1,3,4,25,6593,999640,129901.6,99.85
1,1,3,4,26,6520,999730,81361.9999999999,98.85
1,1,3,4,27,6454,998470,72746.30000000008,97.485
1,1,3,4,28,6601,999460,174800.0,99.595
1,1,3,4,29,6586,998290,102886.4999999993,99.125
1,1,3,4,30,6585,999280,151171.99999999988,99.495
1,1,3,4,31,6578,998560,145680.49999999985,98.99
1,1,3,4,32,6556,998920,64984.99999999991,99.635
1,1,3,4,33,6526,998920,58805.0,98.53
1,1,3,4,34,6615,999730,261437.99999999875,99.71
1,1,3,4,35,6533,999460,104351.20000000003,98.845
1,1,3,4,36,6570,998740,92188.99999999953,99.105
1,1,3,4,37,6547,998830,77189.99999999994,98.82
1,1,3,4,38,6626,998830,188272.5,99.545
1,1,3,4,39,6601,999640,133100.0,99.61
1,1,3,4,40,6601,999100,234600.0,99.57
1,1,3,4,41,6585,999100,268137.9999999993,99.335
1,1,3,4,42,6562,999100,69677.20000000016,98.95
1,1,3,4,43,6533,999100,74437.20000000001,98.62
1,1,3,4,44,6569,999100,80621.19999999995,99.53
1,1,3,4,45,6485,998830,59715.59999999987,97.98
1,1,3,4,46,6540,998380,99990.99999999898,98.765
1,1,3,4,47,6462,999370,49365.40000000028,97.725
1,1,3,4,48,6559,998920,80804.00000000004,99.225
1,1,3,4,49,6557,998560,99550.79999999967,99.235
1,1,3,16,0,6546,998380,155365.00000000012,98.975
1,1,3,16,1,6581,999280,394743.99999999994,99.81
1,1,3,16,2,6543,999010,75611.99999999997,98.76
1,1,3,16,3,6546,999460,103060.00000000017,99.095
1,1,3,16,4,6589,998920,142707.9999999998,99.475
1,1,3,16,5,6586,999100,108619.99999999985,99.305
1,1,3,16,6,6533,997570,105182.80000000545,98.825
1,1,3,16,7,6474,999640,67849.89999999982,97.89
1,1,3,16,8,6547,998830,57378.59999999998,98.625
1,1,3,16,9,6530,999190,48213.600000000006,98.58
1,1,3,16,10,6567,998650,83466.40000000043,98.86
1,1,3,16,11,6565,999100,92142.39999999956,98.945
1,1,3,16,12,6566,998830,99578.50000000041,99.15
1,1,3,16,13,6503,999100,62845.79999999969,99.22
1,1,3,16,14,6569,998920,123504.7999999996,99.25
1,1,3,16,15,6524,999010,81918.99999999919,98.21
1,1,3,16,16,6601,998650,106340.0,99.315
1,1,3,16,17,6560,998740,90646.69999999972,98.965
1,1,3,16,18,6591,999370,105887.00000000127,99.465
1,1,3,16,19,6564,999190,92411.99999999994,99.11
1,1,3,16,20,6546,998650,105433.50000000064,98.98
1,1,3,16,21,6627,999370,286037.9999999999,99.82
1,1,3,16,22,6605,999190,145000.0,99.745
1,1,3,16,23,6531,999190,121210.99999999988,98.635
1,1,3,16,24,6544,998920,61378.099999999904,98.99
1,1,3,16,25,6588,999190,90225.50000000036,99.475
1,1,3,16,26,6510,998650,60934.79999999996,98.525
1,1,3,16,27,6597,999280,93089.19999999998,99.525
1,1,3,16,28,6583,998470,82946.0000000002,99.24
1,1,3,16,29,6585,998920,117231.99999999983,99.58
1,1,3,16,30,6562,999190,260930.00000000032,99.62
1,1,3,16,31,6579,999460,77446.00000000109,99.64
1,1,3,16,32,6565,999100,102891.59999999966,99.51
1,1,3,16,33,6508,999280,70594.70000000023,98.18
1,1,3,16,34,6538,998740,81625.60000000012,98.75
1,1,3,16,35,6546,999100,67841.00000000015,98.995
1,1,3,16,36,6605,998920,141064.00000000003,99.595
1,1,3,16,37,6590,998740,96605.99999999981,99.425
1,1,3,16,38,6634,998920,203865.00000000125,99.825
1,1,3,16,39,6587,999550,150254.80000000092,99.34
1,1,3,16,40,6583,998920,103152.00000000012,99.74
1,1,3,16,41,6565,999460,74393.99999999898,99.585
1,1,3,16,42,6550,998920,109840.50000000079,98.73
1,1,3,16,43,6548,999010,68380.99999999983,99.005
1,1,3,16,44,6503,999370,46786.39999999992,98.635
1,1,3,16,45,6568,998830,68574.29999999994,99.4
1,1,3,16,46,6578,998200,98852.3,99.57
1,1,3,16,47,6499,999550,48050.0,98.66
1,1,3,16,48,6536,999280,84008.99999999817,98.565
1,1,3,16,49,6568,998200,119411.69999999995,98.92
1,1,3,32,0,6595,997660,95853.3999999993,99.51
1,1,3,32,1,6577,999910,138457.99999999985,99.44
1,1,3,32,2,6588,998560,131887.70000000024,99.41
1,1,3,32,3,6590,998830,254026.79999999938,99.56
1,1,3,32,4,6594,997120,101741.49999999929,99.395
1,1,3,32,5,6524,999190,69696.99999999996,98.95
1,1,3,32,6,6562,999100,73478.50000000004,99.415
1,1,3,32,7,6487,999190,47504.00000000004,99.065
1,1,3,32,8,6539,999370,104783.99999999991,99.155
1,1,3,32,9,6604,999730,284841.0000000021,99.78
1,1,3,32,10,6580,999550,78250.20000000003,99.74
1,1,3,32,11,6583,998740,80849.00000000001,99.26
1,1,3,32,12,6613,999010,124790.00000000022,99.32
1,1,3,32,13,6577,999640,93242.39999999972,99.505
1,1,3,32,14,6580,998560,103058.00000000003,99.525
1,1,3,32,15,6589,999010,152115.99999999983,99.14
1,1,3,32,16,6574,998380,69247.99999999981,99.23
1,1,3,32,17,6566,999190,83589.50000000006,99.165
1,1,3,32,18,6559,999550,121503.40000000005,99.265
1,1,3,32,19,6496,998560,124950.00000000015,98.535
1,1,3,32,20,6572,999550,117185.1,99.09
1,1,3,32,21,6488,999460,72909.40000000005,98.71
1,1,3,32,22,6579,999370,124858.00000000023,99.645
1,1,3,32,23,6519,999280,69956.99999999975,98.665
1,1,3,32,24,6561,999820,106127.99999999988,99.17
1,1,3,32,25,6589,999280,316587.99999999977,99.66
1,1,3,32,26,6576,999190,74877.5,99.055
1,1,3,32,27,6576,998920,149170.0,99.345
1,1,3,32,28,6589,999460,141200.3999999987,99.225
1,1,3,32,29,6570,999100,73067.99999999959,98.905
1,1,3,32,30,6542,999640,43923.30000000042,99.885
1,1,3,32,31,6586,999370,97364.99999999981,99.635
1,1,3,32,32,6589,998290,90879.99999999987,99.615
1,1,3,32,33,6553,999460,129024.79999999999,99.0
1,1,3,32,34,6607,999550,127847.99999999972,99.735
1,1,3,32,35,6517,999280,65846.00000000017,98.325
1,1,3,32,36,6566,998830,72658.50000000114,99.07
1,1,3,32,37,6502,998830,77598.49999999974,98.285
1,1,3,32,38,6581,999100,67969.99999999991,99.695
1,1,3,32,39,6533,999370,73961.20000000083,98.655
1,1,3,32,40,6577,999190,116785.9999999997,99.485
1,1,3,32,41,6520,997750,48232.89999999995,98.875
1,1,3,32,42,6541,999640,69100.00000000017,99.71
1,1,3,32,43,6517,999100,48800.80000000002,98.595
1,1,3,32,44,6577,999550,136763.19999999963,99.52
1,1,3,32,45,6587,999370,131984.0000000002,99.125
1,1,3,32,46,6561,999280,84943.99999999991,99.1
1,1,3,32,47,6598,999460,132222.99999999386,99.575
1,1,3,32,48,6591,999640,131962.00000000015,99.615
1,1,3,32,49,6541,999730,68926.00000000028,99.155
1,10,3,1,0,6527,998560,82259.9999999999,98.835
1,10,3,1,1,6570,999280,149295.39999999982,99.07
1,10,3,1,2,6551,999010,93750.0,98.815
1,10,3,1,3,6566,998740,96624.00000000001,99.265
1,10,3,1,4,6602,999370,110570.9999999998,99.625
1,10,3,1,5,6587,999100,121908.00000000023,99.53
1,10,3,1,6,6563,999640,111953.60000000008,98.91
1,10,3,1,7,6543,999100,93906.19999999997,99.275
1,10,3,1,8,6561,998650,66233.9999999996,99.685
1,10,3,1,9,6564,999190,132085.79999999996,98.975
1,10,3,1,10,6603,999550,111229.99999999913,99.465
1,10,3,1,11,6597,998650,179307.99999999997,99.215
1,10,3,1,12,6590,999460,131793.99999999985,99.29
1,10,3,1,13,6574,998560,117397.99999999981,99.01
1,10,3,1,14,6560,999640,90396.9999999999,99.655
1,10,3,1,15,6552,999910,115751.19999999981,99.24
1,10,3,1,16,6567,999190,86041.80000000048,99.175
1,10,3,1,17,6540,998380,96354.99999999328,98.85
1,10,3,1,18,6533,999190,68616.8,98.59
1,10,3,1,19,6520,999190,85095.89999999979,98.605
1,10,3,1,20,6532,998920,90090.99999999924,98.91
1,10,3,1,21,6602,999010,130834.99999999924,99.805
1,10,3,1,22,6498,999370,56330.799999999654,98.335
1,10,3,1,23,6577,998110,115229.99999999978,99.345
1,10,3,1,24,6580,998740,134233.80000000013,98.94
1,10,3,1,25,6533,998920,69856.00000000035,99.195
1,10,3,1,26,6580,998110,126410.20000000013,99.175
1,10,3,1,27,6558,998740,110048.1000000002,99.0
1,10,3,1,28,6559,999100,75204.00000000009,98.755
1,10,3,1,29,6600,999550,140295.00000000012,99.295
1,10,3,1,30,6571,998380,106470.00000000009,99.495
1,10,3,1,31,6605,998470,98676.00000000001,99.435
1,10,3,1,32,6509,999550,91908.40000000005,98.4
1,10,3,1,33,6569,999010,98753.19999999985,99.225
1,10,3,1,34,6565,999550,71920.79999999967,99.065
1,10,3,1,35,6537,999280,52930.800000000396,99.35
1,10,3,1,36,6597,999730,148967.99999999994,99.56
1,10,3,1,37,6548,999010,88059.79999999983,98.77
1,10,3,1,38,6498,999190,70822.99999999997,97.985
1,10,3,1,39,6552,999100,110912.99999999962,99.13
1,10,3,1,40,6515,999100,88775.9999999998,99.03
1,10,3,1,41,6564,998650,114661.99999999917,99.16
1,10,3,1,42,6541,998650,76260.00000000012,98.96
1,10,3,1,43,6617,999550,187438.00000000012,99.575
1,10,3,1,44,6508,998200,45377.90000000001,98.32
1,10,3,1,45,6547,999010,67039.99999999996,99.09
1,10,3,1,46,6504,999640,70784.00000000006,98.3
1,10,3,1,47,6591,998560,161063.00000000003,99.38
1,10,3,1,48,6594,999460,193836.99999999968,99.295
1,10,3,1,49,6590,999460,126577.19999999984,99.445
1,10,3,4,0,6566,998740,69885.00000000041,99.11
1,10,3,4,1,6593,999370,88761.59999999998,99.39
1,10,3,4,2,6543,998740,101085.99999999994,98.92
1,10,3,4,3,6534,998920,77283.00000000015,99.01
1,10,3,4,4,6536,999010,62524.99999999982,98.7
1,10,3,4,5,6566,998560,61520.000000000364,99.175
1,10,3,4,6,6533,999010,53798.40000000011,99.245
1,10,3,4,7,6568,999280,114462.69999999963,99.41
1,10,3,4,8,6591,997840,167604.00000000023,99.525
1,10,3,4,9,6496,999460,49878.50000000003,98.22
1,10,3,4,10,6505,998290,63269.20000000008,98.245
1,10,3,4,11,6546,998110,63745.50000000029,98.8
1,10,3,4,12,6613,999370,162902.80000000066,99.43
1,10,3,4,13,6578,999100,148390.0,99.385
1,10,3,4,14,6493,999550,48966.79999999995,98.47
1,10,3,4,15,6606,999100,154093.99999999953,99.395
1,10,3,4,16,6554,998830,111242.60000000015,98.695
1,10,3,4,17,6559,999730,168086.00000000332,99.345
1,10,3,4,18,6595,999460,216255.9999999961,99.325
1,10,3,4,19,6581,998470,111133.99999999988,99.145
1,10,3,4,20,6576,999640,143595.0,99.72
1,10,3,4,21,6565,999370,61091.99999999994,99.39
1,10,3,4,22,6596,999460,171270.00000000015,99.56
1,10,3,4,23,6576,999370,98552.5,99.7
1,10,3,4,24,6557,999190,80318.79999999498,98.79
1,10,3,4,25,6550,999550,135554.9000000002,99.28
1,10,3,4,26,6547,999010,99831.59999999992,98.605
1,10,3,4,27,6583,998830,144080.00000000044,99.475
1,10,3,4,28,6559,998830,84529.00000000054,99.295
1,10,3,4,29,6526,998380,76385.0,98.375
1,10,3,4,30,6529,999280,87730.8000000001,98.545
1,10,3,4,31,6615,999190,178939.99999999919,99.815
1,10,3,4,32,6504,999010,59628.3000000001,98.265
1,10,3,4,33,6612,999280,170270.00000000032,99.55
1,10,3,4,34,6574,999190,129326.99999999994,99.645
1,10,3,4,35,6521,998740,85836.00000000001,98.52
1,10,3,4,36,6577,999460,169040.39999999997,98.91
1,10,3,4,37,6583,998200,177054.00000000038,99.105
1,10,3,4,38,6514,997930,56646.999999999985,98.835
1,10,3,4,39,6567,998560,180128.00000000244,98.975
1,10,3,4,40,6584,999370,85838.00000000003,99.365
1,10,3,4,41,6571,999190,155680.0000000001,99.045
1,10,3,4,42,6534,998380,84546.00000000006,99.035
1,10,3,4,43,6605,999100,139379.6,99.785
1,10,3,4,44,6570,999730,102238.69999999808,99.325
1,10,3,4,45,6595,998830,103195.9999999997,99.45
1,10,3,4,46,6578,999370,107010.59999999903,99.88
1,10,3,4,47,6607,999280,180805.99999999962,99.76
1,10,3,4,48,6532,998560,60512.09999999997,99.02
1,10,3,4,49,6552,998740,100231.9999999996,99.395
1,10,3,16,0,6591,999190,87578.00000000102,99.745
1,10,3,16,1,6588,999460,117315.30000000009,99.205
1,10,3,16,2,6611,999370,328089.9999999843,99.38
1,10,3,16,3,6551,999460,88195.0,98.975
1,10,3,16,4,6562,999460,73305.80000000008,99.78
1,10,3,16,5,6518,998650,60535.99999999991,99.285
1,10,3,16,6,6556,999100,76219.99999999988,99.025
1,10,3,16,7,6532,997750,78645.99999999984,98.84
1,10,3,16,8,6535,999370,103975.99999999962,99.0
1,10,3,16,9,6509,998470,91534.80000000003,98.24
1,10,3,16,10,6544,999640,222521.99999999983,98.65
1,10,3,16,11,6594,998920,159415.99999999977,99.415
1,10,3,16,12,6490,998110,83958.99999999971,97.97
1,10,3,16,13,6560,998830,57671.49999999998,99.215
1,10,3,16,14,6598,999190,138744.99999999988,99.305
1,10,3,16,15,6558,999280,63697.00000000026,99.175
1,10,3,16,16,6571,997750,121480.00000000012,99.115
1,10,3,16,17,6586,999010,184839.99999999942,99.695
1,10,3,16,18,6576,999190,72435.0,99.395
1,10,3,16,19,6576,999100,123865.0,99.53
1,10,3,16,20,6551,999190,62950.0,99.515
1,10,3,16,21,6607,998560,126456.19999999952,99.575
1,10,3,16,22,6547,998830,72189.19999999997,99.07
1,10,3,16,23,6543,998920,127252.59999999998,99.035
1,10,3,16,24,6627,998650,167993.39999999927,99.6
1,10,3,16,25,6556,999100,70295.49999999917,99.52
1,10,3,16,26,6570,998470,100259.69999999955,99.17
1,10,3,16,27,6569,999190,72775.1999999999,99.13
1,10,3,16,28,6590,999280,112355.9999999998,99.24
1,10,3,16,29,6585,999460,215121.9999999993,99.525
1,10,3,16,30,6555,999190,123402.00000000004,99.305
1,10,3,16,31,6579,999280,130878.00000000009,99.28
1,10,3,16,32,6522,998290,101147.19999999997,98.405
1,10,3,16,33,6608,999460,122946.60000000018,99.37
1,10,3,16,34,6472,998200,52418.999999999956,97.885
1,10,3,16,35,6582,999370,123205.99999999984,98.985
1,10,3,16,36,6565,999010,82081.99999999994,99.585
1,10,3,16,37,6559,998470,99284.40000000039,98.875
1,10,3,16,38,6525,998560,83544.40000000031,98.785
1,10,3,16,39,6536,998200,113091.49999999968,98.43
1,10,3,16,40,6480,999550,60533.10000000008,98.26
1,10,3,16,41,6556,998920,136634.99999999997,98.95
1,10,3,16,42,6507,999010,61863.19999999969,98.05
1,10,3,16,43,6586,998920,102099.99999999927,99.385
1,10,3,16,44,6526,999190,68742.5,98.925
1,10,3,16,45,6594,999100,152696.69999999978,99.395
1,10,3,16,46,6462,999550,51322.30000000019,98.0
1,10,3,16,47,6566,998830,89839.50000000042,99.26
1,10,3,16,48,6579,999370,98004.6000000005,99.205
1,10,3,16,49,6530,999010,69239.00000000003,98.475
1,10,3,32,0,6574,998470,91875.99999999962,99.35
1,10,3,32,1,6602,998830,120999.99999999956,99.675
1,10,3,32,2,6604,999100,167548.0000000006,99.575
1,10,3,32,3,6517,998920,83847.20000000001,98.49
1,10,3,32,4,6569,999460,109617.99999999945,99.285
1,10,3,32,5,6505,999370,66983.20000000001,98.25
1,10,3,32,6,6462,998920,49561.80000000021,98.0
1,10,3,32,7,6528,999190,60131.39999999992,98.87
1,10,3,32,8,6518,999550,70473.0,98.305
1,10,3,32,9,6593,998650,156379.99999999994,99.385
1,10,3,32,10,6561,999640,138379.99999999988,99.155
1,10,3,32,11,6556,997840,77234.99999999991,99.705
1,10,3,32,12,6570,999730,153919.29999999946,99.905
1,10,3,32,13,6520,999010,78540.99999999945,98.53
1,10,3,32,14,6585,999640,130537.99999999974,99.51
1,10,3,32,15,6565,999190,75919.99999999968,99.575
1,10,3,32,16,6580,998920,83494.00000000001,99.475
1,10,3,32,17,6540,999550,54289.999999999345,99.515
1,10,3,32,18,6585,999190,171636.4,99.255
1,10,3,32,19,6531,998560,51830.99999999997,98.88
1,10,3,32,20,6523,999910,85559.99999999974,98.66
1,10,3,32,21,6515,999550,77011.79999999996,99.295
1,10,3,32,22,6600,998650,121365.90000000034,99.26
1,10,3,32,23,6554,999190,74291.70000000003,99.22
1,10,3,32,24,6495,999190,42100.0,99.66
1,10,3,32,25,6591,999370,128410.00000000015,99.33
1,10,3,32,26,6553,999010,149555.99999999904,99.1
1,10,3,32,27,6574,998920,100584.99999999929,99.14
1,10,3,32,28,6571,998560,90981.00000000001,98.985
1,10,3,32,29,6566,999370,100375.00000000017,99.18
1,10,3,32,30,6472,999730,58228.19999999998,97.97
1,10,3,32,31,6490,998920,38933.29999999966,98.685
1,10,3,32,32,6595,999370,120475.99999999994,99.445
1,10,3,32,33,6502,999910,64124.79999999967,98.27
1,10,3,32,34,6569,999460,106263.9999999998,99.47
1,10,3,32,35,6565,999190,106400.39999999988,98.845
1,10,3,32,36,6573,999550,129446.39999999951,99.03
1,10,3,32,37,6603,999820,498667.99999999866,99.865
1,10,3,32,38,6525,999280,76088.0000000004,99.0
1,10,3,32,39,6570,999460,124975.49999999997,99.07
1,10,3,32,40,6573,999460,124082.39999999857,98.84
1,10,3,32,41,6561,998830,149589.99999998094,99.315
1,10,3,32,42,6563,999280,77558.60000000005,99.13
1,10,3,32,43,6465,999910,43784.79999999986,97.915
1,10,3,32,44,6553,999100,70344.79999999935,99.24
1,10,3,32,45,6616,999640,120775.00000000026,99.675
1,10,3,32,46,6510,999460,77627.49999999997,98.405
1,10,3,32,47,6571,999280,123210.00000000006,99.16
1,10,3,32,48,6570,999640,57069.59999999941,99.395
1,10,3,32,49,6580,998740,109057.00000000003,99.505
1,100,3,1,0,6598,999010,114448.39999999994,99.47
1,100,3,1,1,6491,998830,51323.00000000009,98.405
1,100,3,1,2,6553,999100,77919.99999999978,98.68
1,100,3,1,3,6575,999370,75913.20000000019,98.875
1,100,3,1,4,6502,999190,68457.59999999995,98.43
1,100,3,1,5,6612,998920,143763.00000000154,99.435
1,100,3,1,6,6571,998920,105406.00000000093,99.37
1,100,3,1,7,6576,998650,131095.0,99.165
1,100,3,1,8,6508,998290,60903.00000000003,98.79
1,100,3,1,9,6605,999280,207136.40000000008,99.45
1,100,3,1,10,6459,999550,52200.80000000002,97.57
1,100,3,1,11,6555,999280,83330.00000000001,99.265
1,100,3,1,12,6554,998740,122510.00000000128,99.06
1,100,3,1,13,6540,998740,80581.49999999962,99.495
1,100,3,1,14,6595,999460,150973.99999999316,99.355
1,100,3,1,15,6532,999280,48682.79999999995,98.495
1,100,3,1,16,6568,999460,90381.9999999999,99.05
1,100,3,1,17,6508,998290,92871.60000000033,98.415
1,100,3,1,18,6580,998740,128095.00000000003,99.32
1,100,3,1,19,6570,999550,155391.99999999837,99.305
1,100,3,1,20,6516,998470,51600.00000000022,98.88
1,100,3,1,21,6570,999460,80942.39999999794,99.025
1,100,3,1,22,6560,998560,83169.99999999985,99.05
1,100,3,1,23,6531,999010,70941.99999999948,98.495
1,100,3,1,24,6590,999190,76596.29999999957,99.32
1,100,3,1,25,6524,998920,68210.0,98.94
1,100,3,1,26,6552,998830,83900.9999999998,98.99
1,100,3,1,27,6598,999370,86163.6999999998,99.57
1,100,3,1,28,6559,998830,154246.00000000012,99.17
1,100,3,1,29,6573,999190,95960.79999999996,99.19
1,100,3,1,30,6570,999550,101802.59999999976,98.955
1,100,3,1,31,6496,999460,67835.50000000038,98.11
1,100,3,1,32,6477,999550,56981.99999999988,98.3
1,100,3,1,33,6592,999280,103530.60000000005,99.4
1,100,3,1,34,6570,999460,148736.9999999986,99.49
1,100,3,1,35,6584,999100,86615.60000000006,99.36
1,100,3,1,36,6566,998020,120320.00000000036,99.125
1,100,3,1,37,6477,999190,105115.99999999991,97.855
1,100,3,1,38,6575,999640,89571.40000000008,99.625
1,100,3,1,39,6570,998650,98057.29999999907,98.97
1,100,3,1,40,6580,999100,133254.6000000001,99.355
1,100,3,1,41,6531,998560,78469.99999999978,99.475
1,100,3,1,42,6567,999460,100892.80000000013,99.525
1,100,3,1,43,6602,998920,104236.69999999992,99.5
1,100,3,1,44,6568,999190,200393.99999999994,99.375
1,100,3,1,45,6495,999460,106413.59999999998,98.02
1,100,3,1,46,6518,999010,117446.99999999994,98.255
1,100,3,1,47,6557,997930,126891.59999999654,98.875
1,100,3,1,48,6468,998650,51715.49999999997,97.945
1,100,3,1,49,6560,999100,84062.19999999994,99.445
1,100,3,4,0,6589,998560,145977.99999999994,99.21
1,100,3,4,1,6521,999100,75458.00000000007,98.445
1,100,3,4,2,6566,999460,112185.00000000019,99.195
1,100,3,4,3,6543,999550,72880.19999999995,98.665
1,100,3,4,4,6605,999550,225634.00000000012,99.765
1,100,3,4,5,6471,999010,51406.00000000007,97.99
1,100,3,4,6,6559,999550,125336.40000000021,98.765
1,100,3,4,7,6567,999910,81775.60000000005,99.41
1,100,3,4,8,6520,999190,73061.09999999985,98.51
1,100,3,4,9,6578,998920,88445.6999999945,98.94
1,100,3,4,10,6583,999190,98102.20000000023,99.275
1,100,3,4,11,6534,998650,71901.80000000005,98.46
1,100,3,4,12,6578,999370,109304.99999999368,99.365
1,100,3,4,13,6535,998560,77500.99999999988,99.035
1,100,3,4,14,6594,999100,113922.29999999945,99.63
1,100,3,4,15,6528,999370,43769.499999999935,99.18
1,100,3,4,16,6523,999820,57044.19999999952,99.135
1,100,3,4,17,6575,998470,103504.00000000116,98.89
1,100,3,4,18,6568,998560,193002.99999999977,98.84
1,100,3,4,19,6562,998920,107604.00000000052,99.69
1,100,3,4,20,6573,998200,108548.79999999981,99.475
1,100,3,4,21,6577,998920,102054.39999999966,99.31
1,100,3,4,22,6589,998470,119647.99999999971,99.24
1,100,3,4,23,6572,998200,118833.99999999994,99.665
1,100,3,4,24,6540,999640,126905.49999999852,98.87
1,100,3,4,25,6597,999460,343487.9999999999,99.66
1,100,3,4,26,6593,999640,151247.99999999988,99.515
1,100,3,4,27,6535,998650,99481.99999999939,99.105
1,100,3,4,28,6553,999820,200157.9999999995,99.265
1,100,3,4,29,6550,998920,80645.00000000012,98.885
1,100,3,4,30,6543,998020,68149.99999999997,99.005
1,100,3,4,31,6604,998920,452326.0000000002,99.205
1,100,3,4,32,6559,999730,56712.40000000005,99.105
1,100,3,4,33,6597,999010,104032.39999999992,99.59
1,100,3,4,34,6587,999460,69768.80000000013,99.78
1,100,3,4,35,6512,998650,86299.00000000035,98.235
1,100,3,4,36,6563,998560,101216.80000000005,99.55
1,100,3,4,37,6531,998740,44420.0,99.45
1,100,3,4,38,6586,998920,103865.99999999984,99.36
1,100,3,4,39,6570,998830,104398.29999999952,99.245
1,100,3,4,40,6552,998740,118233.59999999986,98.735
1,100,3,4,41,6529,999460,77406.00000000033,98.87
1,100,3,4,42,6515,998920,95995.3999999997,98.87
1,100,3,4,43,6591,998920,124430.00000000015,99.29
1,100,3,4,44,6591,998020,91301.00000000001,99.275
1,100,3,4,45,6574,998740,133658.99999999965,99.575
1,100,3,4,46,6520,999550,75480.99999999994,99.1
1,100,3,4,47,6522,997660,56349.39999999997,98.78
1,100,3,4,48,6569,998740,104367.99999999945,98.985
1,100,3,4,49,6568,998920,79458.69999999997,99.315
1,100,3,16,0,6603,999460,215089.79999999958,99.37
1,100,3,16,1,6571,999460,126979.0,99.27
1,100,3,16,2,6534,999190,77785.80000000006,98.845
1,100,3,16,3,6568,999550,93713.0,99.485
1,100,3,16,4,6514,999190,78614.09999999995,98.615
1,100,3,16,5,6548,998830,69354.39999999988,99.52
1,100,3,16,6,6549,997660,104933.1999999985,99.445
1,100,3,16,7,6609,999460,103648.80000000009,99.6
1,100,3,16,8,6560,998740,60391.99999999997,98.95
1,100,3,16,9,6517,999010,56728.40000000004,98.84
1,100,3,16,10,6580,998830,74962.30000000002,99.135
1,100,3,16,11,6543,999100,130248.59999999992,98.51
1,100,3,16,12,6554,997480,101931.40000000017,99.155
1,100,3,16,13,6536,999280,71911.9999999999,98.865
1,100,3,16,14,6606,999100,205189.99999999985,99.405
1,100,3,16,15,6546,999370,59167.500000000015,99.01
1,100,3,16,16,6576,998380,142962.5,99.245
1,100,3,16,17,6543,999460,96333.59999999996,99.645
1,100,3,16,18,6572,999100,103720.99999999997,99.24
1,100,3,16,19,6579,998650,83213.80000000008,99.375
1,100,3,16,20,6589,999640,78621.19999999994,99.175
1,100,3,16,21,6586,999460,231707.99999999895,99.605
1,100,3,16,22,6561,999100,71973.99999999994,99.665
1,100,3,16,23,6564,999730,79646.19999999997,99.465
1,100,3,16,24,6602,998830,104346.99999999994,99.575
1,100,3,16,25,6590,999460,72803.99999999987,99.53
1,100,3,16,26,6559,999190,101880.00000000003,99.225
1,100,3,16,27,6456,999190,51978.49999999998,97.59
1,100,3,16,28,6589,999550,200617.99999999994,99.565
1,100,3,16,29,6527,998920,71106.99999999988,98.585
1,100,3,16,30,6632,999370,235701.9999999993,99.8
1,100,3,16,31,6566,999820,138483.0000000004,99.73
1,100,3,16,32,6497,997660,53592.8,99.05
1,100,3,16,33,6567,999100,88268.00000000017,99.12
1,100,3,16,34,6605,999370,72914.80000000003,99.61
1,100,3,16,35,6588,999370,120806.00000000003,99.16
1,100,3,16,36,6561,998830,100797.99999999965,99.13
1,100,3,16,37,6568,999010,84623.29999999993,99.695
1,100,3,16,38,6611,999460,117929.99999999997,99.87
1,100,3,16,39,6559,999370,63822.000000000044,98.875
1,100,3,16,40,6560,999280,113193.99999999994,99.05
1,100,3,16,41,6504,998650,55044.000000000306,98.68
1,100,3,16,42,6563,999550,84128.80000000008,99.58
1,100,3,16,43,6611,998380,120933.99999999965,99.365
1,100,3,16,44,6532,999460,140620.99999999965,99.08
1,100,3,16,45,6478,1000000,66136.89999999956,98.665
1,100,3,16,46,6567,999010,58626.40000000014,99.205
1,100,3,16,47,6532,998740,64350.0,98.565
1,100,3,16,48,6621,999190,201520.00000000012,99.79
1,100,3,16,49,6529,999010,93814.80000000117,99.15
1,100,3,32,0,6551,999460,102020.0,99.575
1,100,3,32,1,6544,999460,51695.7,99.01
1,100,3,32,2,6632,999010,269989.9999999996,99.615
1,100,3,32,3,6615,999460,133255.3999999992,99.465
1,100,3,32,4,6582,999460,96944.9999999994,99.445
1,100,3,32,5,6557,997750,98697.99999999952,99.215
1,100,3,32,6,6605,998740,151054.00000000003,99.415
1,100,3,32,7,6587,999640,135247.20000000016,99.33
1,100,3,32,8,6449,999100,50897.99999999934,97.82
1,100,3,32,9,6557,998650,93671.99999999968,98.735
1,100,3,32,10,6604,999550,133135.00000000012,99.34
1,100,3,32,11,6560,999640,89146.9,99.16
1,100,3,32,12,6505,999190,82555.20000000004,98.475
1,100,3,32,13,6543,999010,115451.9999999999,98.82
1,100,3,32,14,6632,999370,144721.79999999952,99.815
1,100,3,32,15,6569,998830,100145.59999999998,99.13
1,100,3,32,16,6587,999280,112413.20000000045,99.455
1,100,3,32,17,6471,996850,58842.00000000008,97.565
1,100,3,32,18,6606,999550,112364.99999999972,99.77
1,100,3,32,19,6551,999190,90340.0,98.9
1,100,3,32,20,6560,999550,91693.99999999994,99.025
1,100,3,32,21,6601,999280,200470.0,99.325
1,100,3,32,22,6576,999730,86365.0,99.3
1,100,3,32,23,6579,999550,81021.60000000006,99.33
1,100,3,32,24,6586,999550,242317.49999999983,99.265
1,100,3,32,25,6548,998290,63666.29999999982,99.515
1,100,3,32,26,6540,999550,72551.99999999927,98.6
1,100,3,32,27,6586,998740,98459.99999999942,99.58
1,100,3,32,28,6494,998470,61535.199999999895,98.445
1,100,3,32,29,6559,999010,113622.00000000004,98.66
1,100,3,32,30,6542,999640,68534.70000000019,98.615
1,100,3,32,31,6543,998200,66158.59999999998,98.945
1,100,3,32,32,6559,999100,107398.0000000002,99.325
1,100,3,32,33,6591,999460,221900.00000000716,99.49
1,100,3,32,34,6533,999100,85464.00000000023,98.75
1,100,3,32,35,6491,999370,55323.00000000085,98.135
1,100,3,32,36,6536,999280,65225.999999999985,98.52
1,100,3,32,37,6495,998380,69427.99999999933,98.65
1,100,3,32,38,6597,998380,132473.99999999997,99.625
1,100,3,32,39,6564,999100,179695.69999999995,99.015
1,100,3,32,40,6517,998650,50013.600000000115,98.42
1,100,3,32,41,6571,998290,103524.0000000002,98.925
1,100,3,32,42,6497,999640,41935.999999999985,98.95
1,100,3,32,43,6495,999550,43645.59999999986,98.35
1,100,3,32,44,6604,999100,139888.6000000001,99.405
1,100,3,32,45,6558,999640,104148.00000000017,99.315
1,100,3,32,46,6522,999370,123567.89999999997,98.435
1,100,3,32,47,6542,999640,116343.00000000038,99.135
1,100,3,32,48,6552,999820,77130.99999999959,99.41
1,100,3,32,49,6585,998200,113198.39999999982,99.33
